,acquisition_time,record_time_wind1,errcode_wind1,sysstatus_wind1,daynight_wind1,sbatvol_wind1,sbatcurr_wind1,ssolarvol_wind1,ssolarcurr_wind1,swindvol_wind1,swindcurr_wind1,soutcurr_wind1,temp1_wind1,temp2_wind1,qpercent_wind1,sumkwl_wind1,sumkwh_wind1,sumwl_wind1,sumwh_wind1,windrpm_wind1,batnvol_wind1,floatvol_wind1,finalvol_wind1,finalrvol_wind1,fullvol_wind1,fullrvol_wind1,norcap_wind1,handbrake_wind1,windvmax_wind1,windamax_wind1,windrmax_wind1,windpole_wind1,windcutinv_wind1,windabrkdly_wind1,windratedp_wind1,windratedv_wind1,mpptmode_wind1,wind_power_generated_wind1,wind_power_battery_wind1,record_time_wind2,errcode_wind2,batstatus_wind2,qpercent_wind2,daynight_wind2,batvol_wind2,batcurr_wind2,solarvol_wind2,solarcurr_wind2,windvol_wind2,windcurr_wind2,windoffcurr_wind2,loadcurr_wind2,temp1_wind2,temp2_wind2,solar_kwh_day_wind2,solar_wh_day_wind2,wind_kwh_day_wind2,wind_wh_day_wind2,load_kwh_day_wind2,load_wh_day_wind2,sol_kwh_cum_wind2,sol_wh_cum_wind2,wind_kwh_cum_wind2,wind_wh_cum_wind2,load_kwh_cum_wind2,load_wh_cum_wind2,windrpm_wind2,load_voltage_wind2,sol_kwh_cum_day_wind2,wind_kwh_cum_day_wind2,gen_kwh_day_wind2,load_kwh_cum_day_wind2,sol_kwh_cum_tot_wind2,wind_kwh_cum_tot_wind2,gen_kwh_cum_tot_wind2,cons_kwh_cum_wind2,sol_chg_pwr_wind2,wind_chg_pwr_wind2,bat_chg_pwr_wind2,load_power_wind2,wind_unld_pwr_wind2,wind_power_generated_wind2,wind_power_battery_wind2,record_time_wind3,errcode_wind3,batstatus_wind3,qpercent_wind3,daynight_wind3,batvol_wind3,batcurr_wind3,solarvol_wind3,solarcurr_wind3,windvol_wind3,windcurr_wind3,windoffcurr_wind3,loadcurr_wind3,temp1_wind3,temp2_wind3,solar_kwh_day_wind3,solar_wh_day_wind3,wind_kwh_day_wind3,wind_wh_day_wind3,load_kwh_day_wind3,load_wh_day_wind3,sol_kwh_cum_wind3,sol_wh_cum_wind3,wind_kwh_cum_wind3,wind_wh_cum_wind3,load_kwh_cum_wind3,load_wh_cum_wind3,windrpm_wind3,load_voltage_wind3,sol_kwh_cum_day_wind3,wind_kwh_cum_day_wind3,gen_kwh_day_wind3,load_kwh_cum_day_wind3,sol_kwh_cum_tot_wind3,wind_kwh_cum_tot_wind3,gen_kwh_cum_tot_wind3,cons_kwh_cum_wind3,sol_chg_pwr_wind3,wind_chg_pwr_wind3,bat_chg_pwr_wind3,load_power_wind3,wind_unld_pwr_wind3,wind_power_generated_wind3,wind_power_battery_wind3,record_time_solar1,RTU_register_solar1,RTU_address_solar1,RTU_data_solar1,pv_array_input_voltage_solar1,pv_array_input_current_solar1,load_voltage_solar1,load_current_solar1,battery_temperature_solar1,device_temperature_solar1,battery_SOC_solar1,maximum_battery_voltage_today_solar1,minimum_battery_voltage_today_solar1,battery_power_solar1,generated_energy_this_month_solar1,consumed_energy_this_month_solar1,load_power_solar1,consumed_energy_this_year_solar1,pv_array_input_power_solar1,generated_energy_today_solar1,generated_energy_this_year_solar1,total_consumed_energy_solar1,total_generated_energy_solar1,consumed_energy_today_solar1,record_time_solar2,RTU_register_solar2,RTU_address_solar2,RTU_data_solar2,pv_array_input_voltage_solar2,pv_array_input_current_solar2,load_voltage_solar2,load_current_solar2,battery_temperature_solar2,device_temperature_solar2,battery_SOC_solar2,maximum_battery_voltage_today_solar2,minimum_battery_voltage_today_solar2,generated_energy_today_solar2,consumed_energy_this_month_solar2,load_power_solar2,total_consumed_energy_solar2,consumed_energy_this_year_solar2,generated_energy_this_month_solar2,consumed_energy_today_solar2,pv_array_input_power_solar2,total_generated_energy_solar2,battery_power_solar2,generated_energy_this_year_solar2,record_time_solar3,RTU_register_solar3,RTU_address_solar3,RTU_data_solar3,pv_array_input_voltage_solar3,pv_array_input_current_solar3,load_voltage_solar3,load_current_solar3,battery_temperature_solar3,device_temperature_solar3,battery_SOC_solar3,maximum_battery_voltage_today_solar3,minimum_battery_voltage_today_solar3,consumed_energy_this_year_solar3,consumed_energy_today_solar3,battery_power_solar3,consumed_energy_this_month_solar3,pv_array_input_power_solar3,total_generated_energy_solar3,generated_energy_this_year_solar3,load_power_solar3,generated_energy_this_month_solar3,total_consumed_energy_solar3,generated_energy_today_solar3,total_wind_power,total_solar_power
0,2025-04-08,2025-04-08 19:25:24.235514624,0.0,5.0,1.0,27.09508113860069,4.6086512370311254,0.0,0.0,28.079805799414743,4.128707102952913,0.0,24.981644054269754,0.0,90.50505453578079,10214.939185953712,391.0,0.0,0.0,15.010694333599362,24.0,27.5,20.4,23.0,28.4,26.4,420.0,0.0,60.0,80.0,80.0,10.0,1.0,3.0,2000.0,60.0,1.0,121.1845003990423,125.22573636605479,,,,,,,,,,,,,,,,,,,,,,,,,,,,,,,,,,,,,,,,,,,,,,,,,,,,,,,,,,,,,,,,,,,,,,,,,,,,,,,,,,,,,,,,,2025-04-08 19:25:25.899596032,0.0,0.0,0.0,43.80054114075282,0.5889805938961197,0.0,0.0,17.617977773404924,18.850426728136508,0.9747349581611522,279.2,271.24736176313496,68.42778071383728,37.26351961693794,0.0,0.0,0.0,68.75791161836224,1.6935196169379398,354.46351961693796,0.0,354.46351961693796,0.0,,,,,,,,,,,,,,,,,,,,,,,,,,,,,,,,,,,,,,,,,,,,,,,,,,
1,2025-04-09,2025-04-09 11:59:51.294010880,0.0,0.5466455265217347,1.0,26.254439938612272,0.8348182252441789,0.0,0.0,12.495170289965547,0.6321126932341372,0.0,19.128985374678578,0.0,71.91363031171551,21539.606163165332,391.0,0.0,0.0,6.0240692746287765,24.0,27.5,20.4,23.0,28.4,26.4,420.0,0.0,60.0,80.0,80.0,10.0,1.0,3.0,2000.0,60.0,1.0,18.223891311197164,22.400199306847174,2025-04-09 18:35:06.909755648,0.0,3.0,99.0000399664282,0.0,28.3924383517845,0.0,0.0,0.0,0.0,0.0,0.0,0.0,15.652212141800888,16.45030174653291,0.0,0.0,0.0,0.0,0.0,0.0,0.0,0.0,0.0,0.0,0.0,0.0,0.0,0.0,0.0,0.0,0.0,0.0,0.0,0.0,35.3,0.0,0.0,0.0,0.0,0.0,0.0,0.0,0.0,2025-04-09 18:41:50.887382272,0.0,0.0,87.28054076198279,0.0,26.210630888979928,0.819827939369111,0.0,0.0,26.356157312576816,0.5219582138467841,0.0,0.0,17.815116755428104,18.801433838590743,0.0,0.0,0.0,0.0,0.0,0.0,0.0,0.0,0.0,0.0,0.0,0.0,151.60385088078655,0.0,0.0,0.0,0.0,0.0,0.0,0.0,440.00729619008604,0.0,0.0,0.019365014338385906,0.019365014338385906,0.0,0.0,21.112029496108153,21.558495288816058,2025-04-09 12:01:36.885794816,0.0,0.0,0.0,52.27355326000434,1.5274309646139372,0.0,0.0,18.072647876112597,19.81769972501628,0.8777827990447934,278.9283320066575,264.1136413633403,161.8830203343223,39.27583851942977,0.0,0.0,0.0,161.5808051595629,1.5870786236341268,356.4758385194298,0.0,356.4758385194298,0.0,2025-04-09 17:35:28.720036864,0.0,0.0,0.0,72.59192132660058,0.00016901135285275927,26.090500661499355,0.012864188295271146,18.566365909578927,19.30924810728065,0.9878917911740056,360.3515069024513,16.162721913984303,0.0,0.0,0.3673658472386731,0.0,0.0,0.0,0.0,0.02400501492702727,0.0,0.02532018646662372,0.0,2025-04-09 16:59:01.743922944,0.0,0.0,0.0,39.81715881147541,1.1405271516393443,1.9353384349385248,0.0034295594262295087,18.93967174692623,21.14909074026639,0.8537993724385246,281.2611398565574,262.41601370389344,0.0,0.0,131.33291739241804,0.0,131.40077792008196,1.4140516137295083,1.4140516137295083,0.09143423411885246,1.4140516137295083,0.0,1.4140516137295083,39.335920807305314,293.00558809457186
2,2025-04-10,2025-04-10 12:00:00.784227072,0.0,5.077482381136138e-05,1.0,25.851809614720636,1.8486199402888073,0.0,0.0,16.776300343237807,1.6004407254706825,0.0,20.37476795905518,0.0,63.05295814123525,25271.580610110283,391.0,0.0,0.0,8.534337997847148,24.0,27.5,20.4,23.0,28.399999999999995,26.399999999999995,420.0,0.0,60.0,80.0,80.0,10.0,1.0,3.0,2000.0,60.0,1.0,43.77134685297642,48.40081249873063,2025-04-10 12:00:23.157890048,0.0,3.0,99.0,0.0,28.358760772178545,0.0,0.0,0.0,0.0,0.0,0.0,0.0,15.61209362574888,16.454113667848084,0.0,0.0,0.0,0.0,0.0,0.0,0.0,0.0,0.0,0.0,0.0,0.0,0.0,0.0,0.0,0.0,0.0,0.0,0.0,0.0,35.3,0.0,0.0,0.0,0.0,0.0,0.0,0.0,0.0,2025-04-10 12:00:27.396850176,0.0,0.0,86.63736501079913,0.0,26.10337652987761,2.2766144708423326,0.0,0.0,27.112568394528438,1.444791216702664,0.0,0.0,20.042620590352772,20.955075593952483,0.0,0.0,0.0,0.0,0.0,0.0,0.0,0.0,0.0,0.0,0.0,0.0,163.69249460043196,0.0,0.0,0.0,0.0,0.0,0.0,0.0,440.44680525557953,0.0,0.0,0.05765514758819295,0.05765514758819295,0.0,0.0,59.66782703383729,60.231844852411804,2025-04-10 11:59:59.924027392,0.0,0.0,0.0,61.21018644492131,2.7772358726752504,0.0,0.0,18.780719134477827,21.874332832618027,0.8183197782546495,271.67062768240345,242.740549713877,315.8698961015737,44.95840593705293,0.0,0.0,0.0,316.1095738197425,4.020431115879829,362.1584059370529,0.0,362.1584059370529,0.0,2025-04-10 12:00:08.595213824,0.0,0.0,0.0,72.91984546460176,0.0,28.565807669616518,0.010018657817109144,18.442539786135693,19.25766924778761,1.0,320.9624929941003,160.69456821533922,0.0,0.003250995575221239,0.28542551622418877,0.003250995575221239,0.003250995575221239,0.0,0.003250995575221239,0.0,0.0,0.0,0.0,2025-04-10 12:00:08.276105728,0.0,0.0,0.0,64.18214279394199,2.7791314093583637,0.0,0.0,19.576084116146347,23.92101237262391,0.8318387503502381,281.9018238191444,252.52530526020854,0.0,0.0,331.37059256610286,0.0,331.507233413458,6.091452234888145,6.09145219802097,0.0,6.09145219802097,0.0,3.596868723363466,103.4391738868137,647.6168072332005
3,2025-04-11,2025-04-11 12:00:09.120935936,0.0,2.4331911869225302,1.0,26.95141740278201,12.878706467661692,0.0,0.0,36.54249060818357,9.435236064575085,0.0,41.12480454868515,0.0,85.97622093613565,37367.997857650524,391.48485125393444,0.0,0.0,20.647822113920196,24.0,27.5,20.4,23.0,28.4,26.4,420.0,0.0,60.0,80.0,80.0,10.0,1.0,3.0,2000.0,60.0,1.0,359.22804792364707,349.86597532744435,2025-04-11 12:00:04.846427904,0.0,1.0767680765701744,98.99992803555044,0.0,28.343038339060506,0.0,0.0,0.0,0.0,0.0,0.0,0.0,16.185632297644965,17.04767644783477,0.0,0.0,0.0,0.0,0.0,0.0,0.0,0.0,0.0,0.0,0.0,0.0,0.0,0.0,0.0,0.0,0.0,0.0,0.0,0.0,35.3,0.0,0.0,0.0,0.0,0.0,0.0,0.0,0.0,2025-04-11 12:00:13.401865728,0.0,0.005078244584106175,92.23167239920045,0.0,27.07293043525238,11.34449586717329,0.0,0.0,38.081912805460014,7.389306873638148,0.0,0.0,36.666366534008034,36.969800651888136,0.0,0.0,0.0,0.0,0.0,0.0,0.0,0.0,0.0,0.0,0.0,0.0,275.1106589112388,0.0,0.0,0.0,0.0,0.0,0.0,0.0,445.1776737317894,0.0,0.0,0.3059636959536115,0.3059636959536115,0.0,0.0,308.5248648502638,309.59147197061105,2025-04-11 12:00:03.235723264,0.0,0.0,0.0,57.33154622359738,0.9886149911469605,0.0,0.0,18.716773666231468,20.02683676425876,0.9240803033283852,276.12057160231075,262.1196780712893,107.37719263856349,50.215369448965355,0.0,0.0,0.0,107.5620920358414,1.0514785827982758,367.41536944896535,0.0,367.41536944896535,0.0,2025-04-11 12:00:06.241166080,0.0,0.0,0.0,74.62314157709397,0.0,6.184881284684452,0.0010242814211176461,18.521394236619408,19.349134165452906,1.0,285.3323711720349,284.9524430760154,0.0,0.01,0.0291415402201368,0.01,0.01,0.0,0.002183299839598813,0.0,0.0,0.0,0.0,2025-04-11 12:00:11.509078272,0.0,0.0,0.0,63.52466814868886,0.9262452119992185,0.0,0.0,18.935830688181795,21.324493587120415,0.9307182646331258,275.11658058403475,268.1525465343907,0.0,0.0,109.78799112261336,0.0,109.95311080880808,2.854217827768377,2.854217827768377,0.0,2.854217827768377,0.0,0.4917033669921954,667.7529127739108,217.51520284464948
4,2025-04-12,2025-04-12 11:52:35.083019520,0.0,4.545920827221156,1.0,27.45365858662536,13.644589313008423,0.0,0.0,37.51842885426177,9.930072935793934,0.0,42.55305848199173,0.0,96.2177097545213,32941.10748540771,393.0944164623575,0.0,0.0,21.325952217309684,24.0,27.5,20.4,23.0,28.4,26.4,420.0,0.0,60.0,80.0,80.0,10.0,1.0,3.0,2000.0,60.0,1.0,388.99356369828587,376.14441164100407,2025-04-12 12:00:09.278712576,0.0,0.0,98.9997121111251,0.0,28.301279306187812,0.0,0.0,0.0,0.0,0.0,0.0,0.0,16.0,16.98909620886338,0.0,0.0,0.0,0.0,0.0,0.0,0.0,0.0,0.0,0.0,0.0,0.0,0.0,0.0,0.0,0.0,0.0,0.0,0.0,0.0,35.3,0.0,0.0,0.0,0.0,0.0,0.0,0.0,0.0,2025-04-12 12:00:23.308643584,0.0,0.019385844913240694,94.4280365757074,0.0,27.456305349557205,9.278702570379437,0.0,0.0,31.370428036575706,6.2047051623587,0.0,0.0,34.65236878104975,35.20968032255742,0.0,0.0,0.0,0.0,0.0,0.0,0.0,0.0,0.0,0.0,0.0,0.0,223.27309381524947,0.0,0.0,0.0,0.0,0.0,0.0,0.0,452.25075239398086,0.0,0.0,0.2546185830513356,0.2546185830513356,0.0,0.0,256.64616243070054,257.48289239686085,2025-04-12 12:00:13.728278784,0.0,0.0,0.0,69.14832451782948,0.23482581780338385,0.0,0.0,18.011472671938087,18.194216314225326,0.9827315902596729,282.57019572921917,270.12100342964226,29.57908637048004,51.59263942979962,0.0,0.0,0.0,29.6305230651489,0.18442041191469882,368.7926394297996,0.0,368.7926394297996,0.0,2025-04-12 11:59:53.720696064,0.0,0.0,0.0,71.66603937931644,0.0,0.0,0.0,18.166419964878106,18.91961380674104,1.0,284.82135315211616,284.3861198423942,0.0,0.01,0.0,0.01,0.01,0.0,0.0,0.0,0.0,0.0,0.0,2025-04-12 12:00:20.363731968,0.0,0.0,0.0,68.27124375504667,0.13263038356457327,0.0,0.0,18.066093489025473,19.089599106257307,0.982159214509308,283.0349352368381,272.6072056161257,0.0,0.0,12.862900607995753,0.0,12.861506089175167,2.1787021558224167,2.1787021558224167,0.0,2.1787021558224167,0.0,0.05394566752329299,645.6397261289865,42.492029154324065
5,2025-04-13,2025-04-13 11:52:26.706012160,0.0,0.0,1.0,24.662836118067244,0.8410474567921508,0.0,0.0,12.528966706350834,0.6091311219672401,0.0,18.240604088837802,0.0,36.68981690545589,11954.282349439633,394.0,0.0,0.0,6.150763578143603,24.0,27.5,20.4,23.0,28.4,26.4,420.0,0.0,60.0,80.0,80.0,10.0,1.0,3.0,2000.0,60.0,1.0,16.259635863541195,20.13307165729299,2025-04-13 12:00:16.928769536,0.0,0.0,98.99118165784833,0.0,28.167069790879317,0.0,0.0,0.0,0.0,0.0,0.0,0.0,15.198610661195696,16.0,0.0,0.0,0.0,0.0,0.0,0.0,0.0,0.0,0.0,0.0,0.0,0.0,0.0,0.0,0.0,0.0,0.0,0.0,0.0,0.0,35.3,0.0,0.0,0.0,0.0,0.0,0.0,0.0,0.0,2025-04-13 12:00:12.450575104,0.0,0.0,78.5486152351131,0.0,24.939169321024313,1.0468534614623262,0.0,0.0,18.595486692220483,0.5990264356025842,0.0,0.0,17.51035649372852,18.46783278446616,0.0,0.0,0.0,0.0,0.0,0.0,0.0,0.0,0.0,0.0,0.0,0.0,108.0875128218971,0.0,0.0,0.0,0.0,0.0,0.0,0.0,455.8500800806205,0.0,0.0,0.023526606561212186,0.023526606561212186,0.0,0.0,24.77744461840235,25.132844751570122,2025-04-13 12:00:03.372631808,0.0,0.0,0.0,53.10750956566516,0.6435647211116912,0.0,0.0,17.652564671048395,18.622059961522783,0.6553430050850003,264.7051654591877,249.14100183803808,67.32966114301654,52.68541810002646,0.0,0.0,0.0,67.44803358531858,0.7919373422112242,369.88541810002647,0.0,369.88541810002647,0.0,2025-04-13 12:00:00.478329856,0.0,0.0,0.0,68.44452791994219,0.0,0.0,0.0,17.812343143906432,18.59301370923733,1.0,284.05285062167223,283.59323203197596,0.0,0.01,0.0,0.01,0.01,0.0,0.0,0.0,0.0,0.0,0.0,2025-04-13 12:00:04.576105216,0.0,0.0,0.0,56.231534387436334,1.0892013085925254,0.0,0.0,18.797161224647866,21.557412911102013,0.6758582751511262,265.9072843016844,251.01113742065644,0.0,0.0,122.37668566117486,0.0,122.52064942776738,2.446729846457985,2.446729846457985,0.0,2.4467298095754453,0.0,0.23585322224312233,41.03708048194355,189.96868301308598
6,2025-04-14,2025-04-14 11:52:42.583501568,0.0,0.2754835068999128,1.0,25.10204278458934,8.41141127584261,0.0,0.0,27.663324270250857,6.188930385266506,0.0,33.465244959729134,0.0,52.62379315651773,31499.462124865335,394.0244805827733,0.0,0.0,15.29720822859488,24.0,27.5,20.4,23.0,28.4,26.4,420.0,0.0,60.0,80.0,80.0,10.0,1.0,3.0,2000.0,60.0,1.0,224.91384527779203,220.76214682193608,2025-04-14 12:00:19.738629120,0.0,0.0,98.73447283195394,0.0,28.094559193954662,0.0,0.0,0.0,0.0,0.0,0.0,0.0,16.448830514573586,17.32256207268802,0.0,0.0,0.0,0.0,0.0,0.0,0.0,0.0,0.0,0.0,0.0,0.0,0.0,0.0,0.0,0.0,0.0,0.0,0.0,0.0,35.3,0.0,0.0,0.0,0.0,0.0,0.0,0.0,0.0,2025-04-14 12:00:16.327887360,0.0,0.0002698958202133976,74.98643323677061,0.0,25.398330244525614,9.107987116972849,3.598610936178635e-05,0.0,34.467625096712666,5.759848498479586,0.0,0.0,31.513215898663116,31.849973910070712,0.0,0.0,0.0,0.0,0.0,0.0,0.0,0.0,0.0,0.0,0.0,0.0,242.7980099681523,0.0,0.0,0.0,0.0,0.0,0.0,0.0,458.2736815589182,0.0,0.0,0.23917681774834912,0.23917681774834912,0.0,0.0,241.48381146877307,242.46978012487182,2025-04-14 12:00:21.569372416,0.0,0.0,0.0,52.70147664454264,2.1882501744279654,0.0,0.0,19.1586511977387,21.4310740826878,0.7017071399180635,262.29821099522337,217.88512836109274,238.7384383777305,56.389999105497616,0.0,0.0,0.0,238.85218330142942,2.9710815965078625,373.5899991412777,0.0,373.5899991412777,0.0,2025-04-14 11:59:57.078778624,0.0,0.0,0.0,70.4555967867457,0.0,0.0,0.0,18.70842262113327,19.63417671423355,1.0,283.1025253847827,282.66463354811583,0.0,0.01,0.0,0.01,0.01,0.0,0.0,0.0,0.0,0.0,0.0,2025-04-14 12:00:08.878246400,0.0,0.0,0.0,56.08146242932231,2.941006885315995,0.0,0.0,19.907984238966172,24.020923325298007,0.7214049656839978,266.6568381360993,241.7160809724956,0.0,0.0,337.5607283396363,0.0,337.5371138436134,5.4704586401869495,5.470458603327656,0.0,5.470458566468364,0.0,2.6969870845036157,466.3976567465651,576.3892971450427
7,2025-04-15,2025-04-15 12:00:09.797295104,0.0,2.161481601819511,1.0,27.115517626512876,9.507935992202096,0.0,0.0,29.33305377304849,6.561344529282755,0.0,33.05892697587524,0.0,89.53191251726099,23721.99035415482,395.0093513930631,0.0,0.0,15.975188855495086,24.0,27.5,20.4,23.0,28.4,26.4,420.0,0.0,60.0,80.0,80.0,10.0,1.0,3.0,2000.0,60.0,1.0,268.43956218016405,261.92853809601166,2025-04-15 12:00:16.388238592,0.0,0.0,97.78850822767737,0.0,27.986628900278752,0.0,0.0,0.0,0.0,0.0,0.0,0.0,16.329232982645447,17.259634924916824,0.0,0.0,0.0,0.0,0.0,0.0,0.0,0.0,0.0,0.0,0.0,0.0,0.0,0.0,0.0,0.0,0.0,0.0,0.0,0.0,35.3,0.0,0.0,0.0,0.0,0.0,0.0,0.0,0.0,2025-04-15 12:00:00.884629248,0.0,0.01756503567053398,92.72308496072638,0.0,27.157516033724868,4.502523960510197,0.0,0.0,23.66280175830511,3.021742811846941,0.0,0.0,25.77172659796786,26.58773510124667,0.0,0.0,0.0,0.0,0.0,0.0,0.0,0.0,0.0,0.0,0.0,0.0,151.67570440296893,0.0,0.0,0.0,0.0,0.0,0.0,0.0,463.98672984074364,0.0,0.0,0.12273257908769908,0.12273257908769908,0.0,0.0,124.34065900410751,124.88190963464726,2025-04-15 12:00:15.723243776,0.0,0.0,0.0,62.15804403199726,1.3738317997739014,0.0,0.0,18.8129938753023,20.542726671055078,0.9574432249109199,280.27694115710995,263.86284326211705,151.69264417366668,61.2253219043803,0.0,0.0,0.0,151.77026398448794,1.1510190180449622,378.42532190438027,0.0,378.4253219401554,0.0,2025-04-15 11:45:42.556447232,0.0,0.0,0.0,73.06162952724918,0.0,0.0,0.0,18.5759209282532,19.474230617140748,1.0,282.20132677540477,281.53091503440277,0.0,0.01,0.0,0.01,0.01,0.0,0.0,0.0,0.0,0.0,0.0,2025-04-15 11:30:42.550812672,0.0,0.0,0.0,68.71139183428492,1.1929424121639298,0.0,0.0,19.49199006602133,22.65304721525416,0.961155488696348,281.4383012203943,270.3956251250404,0.0,0.0,147.1585559565398,0.0,147.41455008541223,4.150992320595885,4.150992320595885,0.0,4.150992320595885,0.0,1.0134901275796795,392.78022118427157,299.1848140699002
8,2025-04-16,2025-04-16 12:00:05.986027264,0.0,5.0,1.0,27.609507803852676,18.592443920915546,0.0,0.0,42.076848401149505,12.549385135615424,0.0,45.18550930674168,0.0,98.34520751038313,31602.238319607623,396.51456685317385,0.0,0.0,24.74633670806381,24.0,27.5,20.4,23.0,28.4,26.4,420.0,0.0,60.0,80.0,80.0,10.0,1.0,3.0,2000.0,60.0,1.0,534.6729370309819,514.2053754683834,2025-04-16 12:00:10.985637376,0.0,0.0,96.88308345782113,0.0,27.823907057108404,0.0,0.0,0.0,0.0,0.0,0.0,0.0,16.0,17.0,0.0,0.0,0.0,0.0,0.0,0.0,0.0,0.0,0.0,0.0,0.0,0.0,0.0,0.0,0.0,0.0,0.0,0.0,0.0,0.0,35.3,0.0,0.0,0.0,0.0,0.0,0.0,0.0,0.0,2025-04-16 12:00:12.526167808,0.0,0.05042833489309625,93.3647505579152,0.0,27.289225037794257,4.90631883953639,0.0,0.0,13.670399899215319,3.388067813692319,0.0,0.0,27.94572025052192,28.866352314448203,0.0,0.0,0.0,0.0,0.0,0.0,0.0,0.0,0.0,0.0,0.0,0.0,89.92090202289252,0.0,0.0,0.0,0.0,0.0,0.0,0.0,467.10476747534375,0.0,0.0,0.13570963213591533,0.13570963213591533,0.0,0.0,136.67649665250883,137.01799618457994,2025-04-16 12:00:09.625050112,0.0,0.0,0.0,72.49543372089697,0.07695637406326869,0.0,0.0,17.610981136662662,17.379736964418512,0.9878610705909272,289.16545463646247,270.9146523368228,9.370766260511411,62.69645293461473,0.0,0.0,0.0,9.450795864081002,0.18707932898575597,379.89645293461473,0.0,379.89645293461473,0.0,2025-04-16 12:00:18.571805440,0.0,0.0,0.0,74.63648252274588,0.0,0.0,0.0,18.03479648610158,18.773383842855985,1.0,280.9089315889285,280.21272220131493,0.0,0.01,0.0,0.01,0.01,0.0,0.0,0.0,0.0,0.0,0.0,2025-04-16 12:00:03.064488704,0.0,0.0,0.0,67.62659515616875,0.3166053719541654,0.0,0.0,18.34422313930717,19.924664335844867,0.9768734164610602,286.8886247044983,271.5575871568769,0.0,0.0,35.86765992129788,0.0,35.868348472611004,6.033309730074609,6.033309730074609,0.0,6.033309693194517,0.0,0.9737846718962636,671.3494336834907,45.319144336692005
9,2025-04-17,2025-04-17 11:22:04.904365056,0.0,4.989376341718501,1.0,27.910787691968952,21.543772774811472,0.0,0.0,40.216218418010676,18.234997522981228,0.0,45.06812021797765,0.0,99.5907964991468,32059.933803049484,398.51462541971705,0.0,0.0,31.402032256288877,24.0,27.5,20.4,23.0,28.4,26.4,420.0,0.0,60.0,80.0,80.0,10.0,1.0,3.0,2000.0,60.0,1.0,686.1765167611603,602.9025548522045,2025-04-17 11:59:06.853688576,0.0,0.0,95.83913318284425,0.0,27.69474130925508,0.0,0.0,0.0,0.0,0.0,0.0,0.0,16.27830248306998,17.23013995485327,0.0,0.0,0.0,0.0,0.0,0.0,0.0,0.0,0.0,0.0,0.0,0.0,0.0,0.0,0.0,0.0,0.0,0.0,0.0,0.0,35.3,0.0,0.0,0.0,0.0,0.0,0.0,0.0,0.0,2025-04-17 11:59:36.481623040,0.0,0.12324026173008634,93.65183769850569,0.0,27.33887016240965,3.9070713989581267,1.4420390432070948e-05,0.0,11.228076500171243,3.077592515817366,0.0,0.0,32.016835805829444,33.72478684860393,0.0,0.0,0.0,0.0,0.0,0.0,0.0,0.0,0.0,0.0,0.0,0.0,48.61338933251618,0.0,0.0,0.0,0.0,0.0,0.0,0.0,469.90671809939255,0.0,0.0,0.10907673450258666,0.10907673450258666,0.0,0.0,109.65625268129133,109.96645763109036,2025-04-17 11:54:00.852887040,0.0,0.0,0.0,77.18868624940319,0.05094850036893963,0.0,0.0,17.483405638265552,17.156036684173216,0.9953168902006743,292.6336049741742,271.8513046717884,6.740805445838216,4.744803557735435,0.0,0.0,0.0,6.806513737575416,0.05760771590202121,28.341937403243776,0.0,380.0822437316435,0.0,2025-04-17 11:39:05.209959936,0.0,0.0,0.0,74.37122246897661,0.0,0.0,0.0,18.08864901974831,18.80091163805112,1.0,279.6836409803313,278.7717836362045,0.0,0.01,0.0,0.01,0.01,0.0,0.0,0.0,0.0,0.0,0.0,2025-04-17 10:54:19.916244992,0.0,0.0,0.0,68.89543177711276,0.06368894073103805,0.0,0.0,18.150882676329704,19.192771462171695,0.9830963945272538,287.04642990314653,271.5392672409672,0.0,0.0,7.873336042298094,0.0,7.941206317943226,6.522087512309855,6.522087512309855,0.0,6.522087512309855,0.0,0.2077622835616831,795.8327694424516,14.747720055518641
10,2025-04-18,2025-04-18 10:48:55.245572608,0.0,2.72747827574828,1.0,27.211514158956746,9.093054350350155,0.0,0.0,29.06529375099302,6.5080761662653845,0.0,32.7635753657374,0.0,91.12021363708584,19618.699258136665,400.09262903166666,0.0,0.0,16.102514024516935,24.0,27.5,20.4,23.0,28.4,26.4,420.0,0.0,60.0,80.0,80.0,10.0,1.0,3.0,2000.0,60.0,1.0,256.6647240928368,251.04906112122805,2025-04-18 11:58:33.651291392,0.0,0.0,94.7779936803109,0.0,27.496487850942508,0.0,0.0,0.0,0.0,0.0,0.0,0.0,15.60454727054807,16.57171394326808,0.0,0.0,0.0,0.0,0.0,0.0,0.0,0.0,0.0,0.0,0.0,0.0,0.0,0.0,0.0,0.0,0.0,0.0,0.0,0.0,35.3,0.0,0.0,0.0,0.0,0.0,0.0,0.0,0.0,2025-04-18 11:57:38.265066496,0.0,0.017877644743316386,93.69024839174092,0.0,27.317759189400977,5.933141982395713,0.0,0.0,25.16454358245403,3.984270952927669,0.0,0.0,28.04645271809451,28.796238587283362,0.0,0.0,0.0,0.0,0.0,0.0,0.0,0.0,0.0,0.0,0.0,0.0,169.3515936799519,0.0,0.0,0.0,0.0,0.0,0.0,0.0,473.58760592641187,0.0,0.0,0.16302626063820094,0.16302626063820094,0.0,0.0,164.68178102163176,165.2688668379713,2025-04-18 11:55:25.535836160,0.0,0.0,0.0,70.92457237808794,1.0245838427741638,0.0,0.0,18.206888280986398,19.63562128803573,0.9716719938758258,280.70857021576103,269.65740506260227,125.02863515812922,1.9728988241440488,0.0,0.0,0.0,125.15768072300085,0.4729454810633134,1.9728988241440488,0.0,381.98289882414406,0.0,2025-04-18 11:27:13.883576064,0.0,0.0,0.0,76.59844998831254,0.008360866146751949,0.0,0.0,17.983532374253596,18.820668267493996,1.0,278.16229924137787,277.0772953101426,0.007780318323806286,0.010000000000000002,0.0,0.010000000000000002,0.010000000000000002,0.012707494846894324,0.0,1.4829903737860983,0.012707494846894324,1.4035067893495399,0.012707494846894324,2025-04-18 11:33:48.115715328,0.0,0.0,0.0,72.86763520589567,1.0015240157734824,0.0,0.0,18.566583812786863,21.059896114810265,0.9727749046480056,284.69244876850473,270.8209535199431,0.0,0.0,124.83149757579675,0.0,124.84431689184821,8.312002262589695,8.312002262589695,0.0,8.312002262589695,0.0,0.644876785829724,421.3465051144686,251.48498798863517
11,2025-04-19,2025-04-19 12:00:27.600312064,0.0,4.296842808619633,1.0,27.48443677264881,16.58333203407762,0.0,0.0,39.96521966701932,11.382980121387604,0.0,43.52390333537502,0.0,95.64094882788574,37604.59413107634,401.5276908513837,0.0,0.0,23.37491619800657,24.0,27.5,20.4,23.0,28.4,26.4,420.0,0.0,60.0,80.0,80.0,10.0,1.0,3.0,2000.0,60.0,1.0,477.9579859680383,458.9096901831951,2025-04-19 12:01:16.375020544,0.0,0.0,93.56834519281516,0.0,27.28650020928497,0.0,0.0,0.0,0.0,0.0,0.0,0.0,15.963093049919015,16.949735209011994,0.0,0.0,0.0,0.0,0.0,0.0,0.0,0.0,0.0,0.0,0.0,0.0,0.0,0.0,0.0,0.0,0.0,0.0,0.0,0.0,35.3,0.0,0.0,0.0,0.0,0.0,0.0,0.0,0.0,2025-04-19 12:00:23.128696832,0.0,0.06045230501594665,93.17287619599884,0.0,27.253245505943752,5.014223325601624,0.0,0.0,16.6662057842853,3.5072122354305595,0.0,0.0,28.53087851551174,29.453120469701364,0.0,0.0,0.0,0.0,0.0,0.0,0.0,0.0,0.0,0.0,0.0,0.0,107.81168454624529,0.0,0.0,0.0,0.0,0.0,0.0,0.0,477.5169541896202,0.0,0.0,0.13846314149028704,0.13846314149028704,0.0,0.0,139.54277580458103,139.99741193099447,2025-04-19 12:18:52.580442112,0.0,0.0,0.0,74.42141555852072,0.07135706812633621,0.0,0.0,17.68805317584267,17.418564464526696,0.9770179754666343,286.2196471622871,271.06672681233033,9.151921123258177,3.171991099452624,0.0,0.0,0.0,9.230378462798138,0.097615578232324,3.171991099452624,0.0,383.18199109945266,0.0,2025-04-19 13:47:52.020470528,0.0,0.0,0.0,67.45555958893867,0.013454936396871148,0.0,0.0,18.219484368635175,19.00771363896523,0.9871289129975198,276.2158804147739,275.24228692822925,0.02150053883477624,0.01,0.0,0.01,0.01,0.057009234957744015,0.0,1.9943261471508789,0.057009234957744015,1.92341889376447,0.057009234957744015,2025-04-19 14:11:25.696245248,0.0,0.0,0.0,66.17727012221725,0.23986534017764324,0.0,0.0,18.41508836377543,19.892869977861928,0.9666687314506095,285.9214577733729,270.96171728978254,0.0,0.0,29.78300081334533,0.0,29.846901908399,9.797583610283702,9.797583610283702,0.0,9.797583610283702,0.0,0.48405886250154856,617.5007617726194,41.07160651834802
12,2025-04-20,2025-04-20 12:00:36.548944384,0.0,2.5030951674460007,1.0,26.913506185218914,11.226992929716676,0.0,0.0,32.803082889095805,8.00981244820071,0.0,35.91465011817912,0.0,85.00583221634453,42695.565305475124,402.5948860671421,0.0,0.0,18.416450942874977,24.0,27.5,20.4,23.0,28.4,26.4,420.0,0.0,60.0,80.0,80.0,10.0,1.0,3.0,2000.0,60.0,1.0,319.504315328497,308.61751046217756,2025-04-20 12:00:29.003361792,0.0,0.0,94.18716383195232,0.0,27.39536451519116,0.0,0.0,0.0,0.0,0.0,0.0,0.0,15.7944286960314,16.656272714057277,0.0,0.0,0.0,0.0,0.0,0.0,0.0,0.0,0.0,0.0,0.0,0.0,0.0,0.0,0.0,0.0,0.0,0.0,0.0,0.0,35.3,0.0,0.0,0.0,0.0,0.0,0.0,0.0,0.0,2025-04-20 11:58:43.142457088,0.0,0.01635976950902514,91.72599203824551,0.0,26.99926017486776,8.290195044807591,0.0,0.0,31.044400414447495,5.507892679912021,0.0,0.0,30.98194972097504,31.540163234144657,0.0,0.0,0.0,0.0,0.0,0.0,0.0,0.0,0.0,0.0,0.0,0.0,216.94499481940633,0.0,0.0,0.0,0.0,0.0,0.0,0.0,481.74442040972133,0.0,0.0,0.22614563830367368,0.22614563830367368,0.0,0.0,228.24416265246396,229.04119662625197,2025-04-20 12:00:36.713806848,0.0,0.0,0.0,68.9005938486912,0.7972598551658823,0.0,0.0,18.39807974158885,19.734546142018097,0.9235254251936463,276.5448460012172,263.5923574975603,94.61026237229787,4.617306092611732,0.0,0.0,0.0,94.69394401091839,1.1484840311562603,4.617306092611732,0.0,384.6273060926117,0.0,2025-04-20 12:00:51.700986880,0.0,0.0,0.0,68.90889738207011,0.2327966471406359,0.0,0.0,18.519748349112007,19.79516643113625,0.9947045553695342,276.8897557319652,275.80146128290124,0.08136560410755102,0.01,0.0,0.01,0.01,0.2157641439432639,0.0,18.741018759158653,0.2157641439432639,18.659781832961084,0.2157641439432639,2025-04-20 12:01:11.016399360,0.0,0.0,0.0,66.80176622490019,1.5132090648699188,0.0,0.0,18.5567048574524,20.646753684273012,0.9300986183048634,285.4043944138555,266.8789681067363,0.0,0.0,108.91557738828452,0.0,109.05510039922233,11.747238279336905,11.747238279336905,0.0,11.747238279336905,0.0,0.6677948160460663,547.748477980961,222.49006316929936
13,2025-04-21,2025-04-21 11:59:09.350310912,0.0,3.1323731560698387,1.0,27.271559877721018,13.215202806672,0.0,0.0,37.17573192999733,9.586587267392954,0.0,42.35232658336924,0.0,92.06704827557908,24760.06506842289,404.3689193902464,0.0,0.0,20.996688619437435,24.0,27.5,20.4,23.0,28.4,26.4,420.0,0.0,60.0,80.0,80.0,10.0,1.0,3.0,2000.0,60.0,1.0,374.57797490818814,362.95001313062926,2025-04-21 12:00:51.756293632,0.0,0.0,93.64478019477565,0.0,27.289877127514334,0.0,0.0,0.0,0.0,0.0,0.0,0.0,16.0,17.0,0.0,0.0,0.0,0.0,0.0,0.0,0.0,0.0,0.0,0.0,0.0,0.0,0.0,0.0,0.0,0.0,0.0,0.0,0.0,0.0,35.3,0.0,0.0,0.0,0.0,0.0,0.0,0.0,0.0,2025-04-21 11:59:48.238334208,0.0,0.007333357656244299,93.61828231602759,0.0,27.315817797073954,9.323282498449414,0.0,0.0,36.13528950344777,6.159099200992375,0.0,0.0,34.03956729541392,34.604144624028606,0.0,0.0,0.0,0.0,0.0,0.0,0.0,0.0,0.0,0.0,0.0,0.0,252.86156007150936,0.0,0.0,0.0,0.0,0.0,0.0,0.0,488.3657320588128,0.0,0.0,0.25421412674668903,0.25421412674668903,0.0,0.0,256.60062114633877,257.5864757926229,2025-04-21 11:59:14.409631232,0.0,0.0,0.0,63.2476151482285,0.21007527114967461,0.0,0.0,17.861152603036874,17.610012075198842,0.9599660882140275,285.2573799710774,266.80444685466375,13.669051012292117,5.69417075198843,0.0,0.0,0.0,13.750646023138106,0.18417075198843097,5.69417075198843,0.0,385.7041707519884,0.0,2025-04-21 11:59:51.071969280,0.0,0.0,0.0,74.57202386285579,0.030398933787295045,0.0,0.0,18.355426074425825,19.27424472866828,0.9868989487202461,276.0865961831377,275.1805535644954,0.09432824119702535,0.01,0.0,0.01,0.01,0.36953752650598815,0.0,4.263298091568856,0.36953752650598815,4.186181084430905,0.36953752650598815,2025-04-21 12:00:18.659194112,0.0,0.0,0.0,67.00596501969275,0.1999324659809979,0.0,0.0,18.160780243779516,19.287166483116494,0.9629205009986375,285.33862318705314,269.509902376197,0.0,0.0,17.36365587142777,0.0,17.35399917869076,12.896521904690795,12.896521904690795,0.0,12.896521904690795,0.0,0.3359024881936797,631.1785960545269,35.36794329339772
14,2025-04-22,2025-04-22 12:01:42.722001920,0.0,3.496805210280854,1.0,27.21975633307994,12.969868304809648,0.0,0.0,36.19637067778851,9.300360569514927,0.0,39.38695580712099,0.0,91.80061841267232,35137.08075318965,405.2947527376574,0.0,0.0,20.60093275532636,24.0,27.5,20.4,23.0,28.4,26.4,420.0,0.0,60.0,80.0,80.0,10.0,1.0,3.0,2000.0,60.0,1.0,368.5033717872331,355.3885340948781,2025-04-22 12:01:28.661815040,0.0,0.0,93.92307271932381,0.0,27.35357585252113,0.0,0.0,0.0,0.0,0.0,0.0,0.0,16.332428592247158,17.292316380064122,0.0,0.0,0.0,0.0,0.0,0.0,0.0,0.0,0.0,0.0,0.0,0.0,0.0,0.0,0.0,0.0,0.0,0.0,0.0,0.0,35.3,0.0,0.0,0.0,0.0,0.0,0.0,0.0,0.0,2025-04-22 12:07:10.218086912,0.0,0.03955352874112758,92.56925085506234,0.0,27.1420065462837,5.42772056930602,0.0,0.0,25.773820381743956,3.701824132985179,0.0,0.0,28.374223088521937,29.23649369276599,0.0,0.0,0.0,0.0,0.0,0.0,0.0,0.0,0.0,0.0,0.0,0.0,166.29445404729506,0.0,0.0,0.0,0.0,0.0,0.0,0.0,493.6848295391857,0.0,0.0,0.14691092640947373,0.14691092640947373,0.0,0.0,148.67239141627743,149.23604758927587,2025-04-22 12:00:55.198225920,0.0,0.0,0.0,68.49989592077154,1.0539184802775448,0.0,0.0,18.85622706492253,20.38846511058193,0.9601640265583965,281.75048905348785,262.8249033601487,119.60449979645287,7.533463255240888,0.0,0.0,0.0,119.72824059630301,1.717770636616146,7.533463255240888,0.0,387.5434632552409,0.0,2025-04-22 12:02:55.734285824,0.0,0.0,0.0,61.61119214774404,0.2997687772958309,0.0,0.0,18.887036660257273,20.168623693899146,0.9926303492375799,276.82016686789194,275.4811109123701,0.1274681766012312,0.01,0.0,0.01,0.01,0.674527381537957,0.0,19.287155196828095,0.674527381537957,19.20498200152037,0.674527381537957,2025-04-22 12:06:35.016328704,0.0,0.0,0.0,70.15808676206842,1.0458314510622013,0.0,0.0,19.232893119517335,22.054308987625788,0.9574253157337856,283.67851021679263,270.11546964228097,0.0,0.0,130.29994743398294,0.0,130.33110703806815,13.722861227215764,13.722861227215764,0.0,13.722861227215764,0.0,0.402581813133625,517.1757632035105,269.34650283119925
15,2025-04-23,2025-04-23 11:59:45.347520000,0.0,5.0,1.0,27.569961392321247,17.442718021330997,0.0,0.0,41.074465961066345,11.94672547801196,0.0,44.83698798985402,0.0,98.11273645929894,33555.68649342447,406.9992359958031,0.0,0.0,24.013519818268872,24.0,27.5,20.4,23.0,28.4,26.4,420.0,0.0,60.0,80.0,80.0,10.0,1.0,3.0,2000.0,60.0,1.0,501.2680236739434,481.6399880815345,2025-04-23 12:00:34.432360448,0.0,0.0,93.52923865749517,0.0,27.275076278683493,0.0,0.0,0.0,0.0,0.0,0.0,0.0,16.000234703641517,17.0,0.0,0.0,0.0,0.0,0.0,0.0,0.0,0.0,0.0,0.0,0.0,0.0,0.0,0.0,0.0,0.0,0.0,0.0,0.0,0.0,35.3,0.0,0.0,0.0,0.0,0.0,0.0,0.0,0.0,2025-04-23 12:00:15.103164672,0.0,0.05718149851230728,93.4403750788928,0.0,27.307377152646293,5.5099594265620775,0.0,0.0,15.337949688936975,3.8438084933730052,0.0,0.0,29.599801640970156,30.518384275538725,0.0,0.0,0.0,0.0,0.0,0.0,0.0,0.0,0.0,0.0,0.0,0.0,102.9983770624831,0.0,0.0,0.0,0.0,0.0,0.0,0.0,497.0105004057344,0.0,0.0,0.1527380759174105,0.1527380759174105,0.0,0.0,153.7101857361825,154.06899684428816,2025-04-23 12:00:19.973196800,0.0,0.0,0.0,72.11076642950592,0.2560120073836449,0.0,0.0,18.155109768992276,18.2849042455958,0.9864509758239396,287.5700238355526,270.087339916486,26.392856861234073,9.038965716231473,0.0,0.0,0.0,26.582360400724028,0.5219594257961613,9.038965752074409,0.0,389.0489657520744,0.0,2025-04-23 12:00:16.109833472,0.0,0.0,0.0,75.06365764477505,0.03232255053049612,0.0,0.0,18.597798848615966,19.57373544099342,0.9868096882223936,275.8013051241776,275.17260646968174,0.07889962805998459,0.01,0.0,0.01,0.01,0.9097185999644359,0.0,4.4511765010965565,0.9097185999644359,4.372423722660186,0.9097185999644359,2025-04-23 12:00:00.307998208,0.0,0.0,0.0,74.41193776018058,0.3106265425817314,0.0,0.0,18.690737441950823,20.382923791374495,0.9742380802605043,285.1619848655849,271.56691224629503,0.0,0.0,39.31021225184555,0.0,39.35590948953727,13.804310422024459,13.804310422024459,0.0,13.804310422024459,0.0,0.25317441580787803,654.9782094101258,70.38944639135785
16,2025-04-24,2025-04-24 12:00:00.747234816,0.0,4.633197744951117,1.0,27.587606406296192,16.894768123477178,0.0,0.0,40.61844511728905,11.820380055254814,0.0,45.26213312128534,0.0,98.13900357830994,35684.61243131378,408.6623951228961,0.0,0.0,23.78641465577882,24.0,27.5,20.4,23.0,28.4,26.4,420.0,0.0,60.0,80.0,80.0,10.0,1.0,3.0,2000.0,60.0,1.0,486.0079953308662,466.9892236800522,2025-04-24 12:00:19.897945600,0.0,0.0,93.8814810803004,0.0,27.350335788561527,0.0,0.0,0.0,0.0,0.0,0.0,0.0,16.372562824956674,17.269371028307337,0.0,0.0,0.0,0.0,0.0,0.0,0.0,0.0,0.0,0.0,0.0,0.0,0.0,0.0,0.0,0.0,0.0,0.0,0.0,0.0,35.3,0.0,0.0,0.0,0.0,0.0,0.0,0.0,0.0,2025-04-24 12:00:08.090636288,0.0,0.04993584066797997,94.03737507003308,0.0,27.399302380220853,7.294335905730965,0.0,0.0,18.714697005295406,4.97707252715476,0.0,0.0,32.15694637725687,32.9345394082883,0.0,0.0,0.0,0.0,0.0,0.0,0.0,0.0,0.0,0.0,0.0,0.0,134.3168386618713,0.0,0.0,0.0,0.0,0.0,0.0,0.0,501.65888019374313,0.0,0.0,0.2017581464278614,0.2017581464278614,0.0,0.0,202.91712927653575,203.45564276806854,2025-04-24 11:59:02.260261888,0.0,0.0,0.0,67.13280178634253,0.20941039209069567,0.0,0.0,18.19364523725759,18.117530280946877,0.9885613409056642,287.23090918228877,269.360539277278,17.004214705734533,9.6023804737254,0.0,0.0,0.0,17.076431622857715,0.2795445113764458,9.6023804737254,0.0,389.6123804737254,0.0,2025-04-24 11:59:21.915962112,0.0,0.0,0.0,62.814124308850054,0.2722940808307502,0.0,0.0,18.85054625380989,20.033802704234116,0.9919955855285331,277.0165720443965,275.3736731587543,0.1373632421182056,0.01,0.0,0.01,0.01,1.0678558334351773,0.0,19.069903044578016,1.0678558334351773,18.983876661444853,1.0678558334351773,2025-04-24 12:00:20.490110720,0.0,0.0,0.0,70.07368065353522,0.26243516677220696,0.0,0.0,18.75160995263647,20.355407737400895,0.9819929713856148,286.9688041356989,271.56615674032264,0.0,0.0,32.09103070297253,0.0,32.15065820122278,14.572475864597337,14.572475864597337,0.0,14.572475864597337,0.0,0.3995433622550817,688.9251246074019,68.29699286865852
17,2025-04-25,2025-04-25 12:00:01.262176768,0.0,3.976694045174538,1.0,26.984511293634498,5.3063151950718686,0.0,0.0,25.793061601642712,4.437523613963039,0.0,29.748265913757702,0.0,87.81810061601642,27828.712638603694,410.0,0.0,0.0,13.593523613963038,24.0,27.5,20.4,23.0,28.4,26.4,420.0,0.0,60.0,80.0,80.0,10.0,1.0,3.0,2000.0,60.0,1.0,144.6462046201232,144.6449864476386,2025-04-25 12:00:18.634386432,0.0,0.0,93.56663623082542,0.0,27.286705624543462,0.0,0.0,0.0,0.0,0.0,0.0,0.0,16.13582907231556,17.09463111760409,0.0,0.0,0.0,0.0,0.0,0.0,0.0,0.0,0.0,0.0,0.0,0.0,0.0,0.0,0.0,0.0,0.0,0.0,0.0,0.0,35.3,0.0,0.0,0.0,0.0,0.0,0.0,0.0,0.0,2025-04-25 12:01:04.230456064,0.0,0.0,93.09610399094461,0.0,27.21238726403038,6.788456201847592,0.0,0.0,35.464537919450834,4.464873845255048,0.0,0.0,29.53844889911272,30.14136269032753,0.0,0.0,0.0,0.0,0.0,0.0,0.0,0.0,0.0,0.0,0.0,0.0,236.11485376273416,0.0,0.0,0.0,0.0,0.0,0.0,0.0,507.0808029356994,0.0,0.0,0.1831049403001424,0.1831049403001424,0.0,0.0,185.5219114908533,186.39612462117063,2025-04-25 12:00:08.695451392,0.0,0.0,0.0,68.11164227406832,1.3730534127314522,0.0,0.0,19.4171103187388,22.220468931564373,0.957214031023186,282.0862538688483,268.71898495900376,159.32756169342431,11.682088689388042,0.0,0.0,0.0,159.39445445166427,1.9325739470397654,11.682088689388042,0.0,391.6920886893881,0.0,2025-04-25 11:59:35.146602752,0.0,0.0,0.0,74.07625442434144,0.036037878703113174,0.0,0.0,18.79549901349774,19.95825238047285,0.9865535079572876,276.11550878527817,275.1897131497581,0.10267045602885287,0.01,0.0,0.01,0.01,1.1603879993584938,0.0,4.856291385541494,1.1603879993584938,4.776218917719371,1.1603879993584938,2025-04-25 11:59:58.894103552,0.0,0.0,0.0,71.00356765416517,0.6082074531053361,0.0,0.0,19.268800362983182,21.844516153125127,0.9648990406339509,281.56342346917813,271.67779005978764,0.0,0.0,76.22111262561572,0.0,76.2996162909243,15.243010183694885,15.243010183694885,0.0,15.243010183694885,0.0,0.4794477576825839,330.1681161109765,240.55036212813008
18,2025-04-26,2025-04-26 11:58:19.882763264,0.0,1.3813291792184212,1.0,26.775726282342262,14.847180497668468,0.0,0.0,35.37256530351174,9.964669046341767,0.0,39.00525316716874,0.0,82.44663269095861,36883.919469318695,410.5999979366979,0.0,0.0,20.51976230759708,24.0,27.5,20.4,23.0,28.4,26.4,420.0,0.0,60.0,80.0,80.0,10.0,1.0,3.0,2000.0,60.0,1.0,421.27503342549414,405.0527652374861,2025-04-26 11:58:39.047571968,0.0,0.0,93.92478904691303,0.0,27.346202844434686,0.0,0.0,0.0,0.0,0.0,0.0,0.0,16.54750791646075,17.39274797283693,0.0,0.0,0.0,0.0,0.0,0.0,0.0,0.0,0.0,0.0,0.0,0.0,0.0,0.0,0.0,0.0,0.0,0.0,0.0,0.0,35.3,0.0,0.0,0.0,0.0,0.0,0.0,0.0,0.0,2025-04-26 11:59:38.331767552,0.0,0.041730391085864106,90.01482047920763,0.0,26.712204136625157,8.013005243609351,7.28279076542131e-05,0.0,20.16469849246231,5.396358604617289,0.0,0.0,30.954573592600685,31.586974728716044,0.0,0.0,0.0,0.0,0.0,0.0,0.0,0.0,0.0,0.0,0.0,0.0,147.6816145947127,0.0,0.0,0.0,0.0,0.0,0.0,0.0,511.39434491297067,0.0,0.0,0.2186610589177773,0.2186610589177773,0.0,0.0,219.9893811448547,220.533682179011,2025-04-26 11:59:10.664816896,0.0,0.0,0.0,59.6485711648514,0.786513481523309,0.0,0.0,18.691945943598043,19.791101905041135,0.8970519823214499,278.034926357473,250.79106878490737,77.14829744413919,14.60964226635827,0.0,0.0,0.0,77.22584738676714,1.283384443310276,14.60964226635827,0.0,394.6196423025551,0.0,2025-04-26 11:59:32.944030976,0.0,0.0,0.0,57.06863839812426,0.2945748294860798,0.0,0.0,18.8531770460734,20.03662020997277,0.9916676467393544,276.63521295044325,275.3641712892388,0.10379344312644435,0.01,0.0,0.01,0.01,1.2925179128571802,0.0,18.533111087805775,1.2925179128571802,18.45185975347114,1.2925179128571802,2025-04-26 11:59:24.708429824,0.0,0.0,0.0,64.79017439293598,0.9105052942717102,0.0,0.0,19.233408238859578,21.729897182624313,0.8949079956598196,281.1092715231788,262.51612264751003,0.0,0.0,101.73906012646388,0.0,101.67294967635725,16.042536386425713,16.042536386425713,0.0,16.042536386425713,0.0,0.5538222770980655,641.2644145703489,197.43190815093016
19,2025-04-27,2025-04-27 11:59:45.918051584,0.0,4.077448981693128,1.0,27.537309775334116,17.63045962809662,0.0,0.0,41.250061777969975,12.12543399023908,0.0,45.07608677745516,0.0,97.44317456395049,32801.18386153498,412.5619941928708,0.0,0.0,24.15306109841231,24.0,27.5,20.4,23.0,28.4,26.4,420.0,0.0,60.0,80.0,80.0,10.0,1.0,3.0,2000.0,60.0,1.0,507.17024659706345,486.25547548444223,2025-04-27 12:01:58.782866432,0.0,0.0,93.44805764869413,0.0,27.2749597629673,0.0,0.0,0.0,0.0,0.0,0.0,0.0,16.91314287804521,17.856829321823103,0.0,0.0,0.0,0.0,0.0,0.0,0.0,0.0,0.0,0.0,0.0,0.0,0.0,0.0,0.0,0.0,0.0,0.0,0.0,0.0,35.3,0.0,0.0,0.0,0.0,0.0,0.0,0.0,0.0,2025-04-27 11:59:42.265919744,0.0,0.064797667724014,93.56409175085719,0.0,27.31807330534113,6.454729643007756,0.0,0.0,17.760853701021286,4.570399163901062,0.0,0.0,31.845083334861293,32.79887786721429,0.0,0.0,0.0,0.0,0.0,0.0,0.0,0.0,0.0,0.0,0.0,0.0,119.94251819798676,0.0,0.0,0.0,0.0,0.0,0.0,0.0,515.6633454958836,0.0,0.0,0.1782111883239517,0.1782111883239517,0.0,0.0,179.43769779423897,179.92948807275528,2025-04-27 11:59:02.215091968,0.0,0.0,0.0,70.28945187505906,0.13069674127165276,0.0,0.0,18.302418604482114,18.183660490372105,0.9811218370417755,285.6360746243703,269.18688585364436,12.151443675537367,15.61130759836882,0.0,0.0,0.0,12.257580959373115,0.19478472621012002,15.61130759836882,0.0,395.6213075983688,0.0,2025-04-27 11:59:53.615166208,0.0,0.0,0.0,75.49640097585433,0.036954982731718634,0.0,0.0,18.935517880061216,19.96892540027614,0.9859058270627457,275.66289321354674,275.1255671592087,0.04940599357163437,0.01,0.0,0.01,0.01,1.2601558822538943,0.0,5.076355288808732,1.2601558822538943,4.997019827653946,1.2601558822538943,2025-04-27 11:59:53.079788032,0.0,0.0,0.0,73.95060817159221,0.47640030694940955,0.0,0.0,19.227364577289485,21.37473836306126,0.9734571861723035,284.7408766774598,270.9662273297273,0.0,0.0,60.86429530779165,0.0,60.889125531078626,15.827704542476932,15.827704542476932,0.0,15.827704542476932,0.0,0.25995609126130004,686.6079443913025,78.22306177926048
20,2025-04-28,2025-04-28 11:54:45.853795840,0.0,2.9767825774090455,1.0,26.87790429427078,3.9976041820990917,0.0,0.0,25.872634341467545,3.1264979152997947,0.0,27.05343181866283,0.0,85.00797900484666,18690.94215750598,413.90513026730724,0.0,0.0,13.30632605981079,24.0,27.5,20.4,23.0,28.4,26.4,420.0,0.0,60.0,80.0,80.0,10.0,1.0,3.0,2000.0,60.0,1.0,109.85703803255096,110.04902019090352,2025-04-28 11:55:13.478981120,0.0,0.0,93.9946091137909,0.0,27.371862203689094,0.0,0.0,0.0,0.0,0.0,0.0,0.0,16.50711897516811,17.410965851459483,0.0,0.0,0.0,0.0,0.0,0.0,0.0,0.0,0.0,0.0,0.0,0.0,0.0,0.0,0.0,0.0,0.0,0.0,0.0,0.0,35.3,0.0,0.0,0.0,0.0,0.0,0.0,0.0,0.0,2025-04-28 11:56:10.078908416,0.0,0.0001682085786375105,92.47332025044389,0.0,27.09651434445379,4.593632370806467,0.0,0.0,35.60987571255023,3.0504756564807027,0.0,0.0,26.30793383795907,27.104214559386975,0.0,0.0,0.0,0.0,0.0,0.0,0.0,0.0,0.0,0.0,0.0,0.0,225.8525371460611,0.0,0.0,0.0,0.0,0.0,0.0,0.0,521.154936921783,0.0,0.0,0.12408391739089804,0.12408391739089804,0.0,0.0,126.42546098495468,127.1875714419213,2025-04-28 11:55:50.203660032,0.0,0.0,0.0,66.56342591179612,1.3607352059939033,0.0,0.0,19.72324881919657,22.664184343048987,0.943184614754739,280.88375422911867,269.3744410491564,163.30734495092548,17.663346186628356,0.0,0.0,0.0,163.34301794374574,0.878409628060877,17.663346186628356,0.0,397.67334618662835,0.0,2025-04-28 11:56:10.656416768,0.0,0.0,0.0,59.78003784009213,0.29932917054058916,0.0,0.0,19.298661134131457,20.69568821906697,0.9921457513113945,276.6226210289903,275.54049425511647,0.12201654404028114,0.01,0.0,0.01,0.01,1.4264294104368254,0.0,19.764268966915743,1.4264294104368254,19.682627112483402,1.4264294104368254,2025-04-28 11:56:17.699344640,0.0,0.0,0.0,73.18012685621048,0.7862352585193214,0.0,0.0,19.879732422256524,22.932675854038752,0.9509737133402022,280.10034893118285,270.3544351796172,0.0,0.0,101.01618967914419,0.0,101.02205248905521,16.258770276119087,16.258770276119087,0.0,16.258770276119087,0.0,0.9209724110723411,236.28249901750564,284.1293393997167
21,2025-04-29,2025-04-29 12:02:28.547408640,0.0,0.0,1.0,25.945354870591142,0.6343144522000536,0.0,0.0,11.663720221549612,0.49075606893569707,0.0,19.150176045462967,0.0,65.10566845800646,18315.774147054584,414.0,0.0,0.0,5.87578602754957,24.0,27.5,20.4,23.0,28.400000000000002,26.400000000000002,420.0,0.0,60.0,80.0,80.0,10.0,1.0,3.0,2000.0,60.0,1.0,12.211215640249552,16.719616509152306,2025-04-29 12:01:30.101713408,0.0,0.0,93.57560922143875,0.0,27.282242154104708,0.0,0.0,0.0,0.0,0.0,0.0,0.0,16.7076650469475,17.65233276095137,0.0,0.0,0.0,0.0,0.0,0.0,0.0,0.0,0.0,0.0,0.0,0.0,0.0,0.0,0.0,0.0,0.0,0.0,0.0,0.0,35.3,0.0,0.0,0.0,0.0,0.0,0.0,0.0,0.0,2025-04-29 12:02:09.544017152,0.0,0.0,87.17309969216197,0.0,26.202768720741727,0.9257636751124793,0.0,0.0,27.071261771616967,0.6011257035647279,0.0,0.0,18.935663673290954,19.992641031712783,0.0,0.0,0.0,0.0,0.0,0.0,0.0,0.0,0.0,0.0,0.0,0.0,156.77580648099237,0.0,0.0,0.0,0.0,0.0,0.0,0.0,521.9656314322665,0.0,0.0,0.022667990309477404,0.022667990309477404,0.0,0.0,24.386362228820197,24.81635822146123,2025-04-29 12:01:38.645004032,0.0,0.0,0.0,60.98888838997966,2.9469628256288067,0.0,0.0,19.911053346272787,23.1470637099052,0.8349059958429594,271.78026709347546,250.5450126376929,320.01135784587086,23.568670253985037,0.0,0.0,0.0,320.1806785246127,1.7324013427096083,23.568670253985037,0.0,403.578670253985,0.0,2025-04-29 12:02:45.704843776,0.0,0.0,0.0,75.32341554085706,0.03712211208754146,0.0,0.0,19.51469695890873,20.757506979707323,0.98791463208979,276.1273211040117,275.21830838127005,0.1073456875714366,0.01,0.0,0.01,0.01,1.5637820832318388,0.0,5.0090462628117445,1.5637820832318388,4.9282679083362995,1.5637820832318388,2025-04-29 12:01:49.935200256,0.0,0.0,0.0,70.58310792316432,2.6370901278220016,0.0,0.0,20.86955256675128,25.4420373154755,0.848656800362956,278.87716076925676,261.9367406701937,0.0,0.0,324.6707022148564,0.0,324.7931411816317,21.85012924682882,21.85012924682882,0.0,21.85012924682882,0.0,3.332909234755286,36.59757786906975,649.9828659690561
22,2025-04-30,2025-04-30 11:59:39.173010688,0.0,0.0,1.0,25.956832685620782,2.3278236858253223,0.0,0.0,25.578126406218043,2.199848639803641,0.0,23.48196256903252,0.0,65.32867662098589,27333.156402127224,414.0,0.0,0.0,13.351546328492534,24.0,27.5,20.4,23.0,28.4,26.4,420.0,0.0,60.0,80.0,80.0,10.0,1.0,3.0,2000.0,60.0,1.0,56.93732757210063,61.047526181223155,2025-04-30 12:00:26.881817088,0.0,0.0,94.07579400227762,0.0,27.38390123099727,0.0,0.0,0.0,0.0,0.0,0.0,0.0,17.451112597386164,18.420129787964786,0.0,0.0,0.0,0.0,0.0,0.0,0.0,0.0,0.0,0.0,0.0,0.0,0.0,0.0,0.0,0.0,0.0,0.0,0.0,0.0,35.3,0.0,0.0,0.0,0.0,0.0,0.0,0.0,0.0,2025-04-30 11:59:52.871071744,0.0,1.8102824040550325e-05,87.2409847936278,0.0,26.2043283852281,3.0465604634322956,0.0,0.0,40.78347212165098,1.9410897900072412,0.0,0.0,23.527878349022448,24.50295076031861,0.0,0.0,0.0,0.0,0.0,0.0,0.0,0.0,0.0,0.0,0.0,0.0,245.0528602461984,0.0,0.0,0.0,0.0,0.0,0.0,0.0,523.34575307748,0.0,0.0,0.07677371469949312,0.07677371469949312,0.0,0.0,79.61720926864591,80.6012925416365,2025-04-30 12:04:17.252632320,0.0,0.0,0.0,63.00703857601316,2.518081096225358,0.0,0.0,20.31709431875241,23.500183347038575,0.8323293333430362,272.47808095068297,244.7777261910826,296.19492799289753,30.525698712677467,0.0,0.0,0.0,296.4007948070472,3.6581591069518327,30.525698712677467,0.0,410.53569871267746,0.0,2025-04-30 11:59:44.593328384,0.0,0.0,0.0,69.82867723354713,0.23773067081617266,0.0,0.0,20.112841210833775,21.622474811433918,0.9946892512691768,277.3957663154689,275.4964177086854,0.14800426339459796,0.01,0.0,0.01,0.01,1.9091498835736753,0.0,19.034046511109707,1.9091499207112588,18.94688954168508,1.9091499207112588,2025-04-30 12:00:45.228154880,0.0,0.0,0.0,67.89600135674145,2.356708604558058,0.0,0.0,21.096300247623848,25.389906436737295,0.8444765795287733,276.09615997686865,262.4230145608754,0.0,0.0,288.8865165477973,0.0,289.11461266143743,29.173823453092332,29.173823453092332,0.0,29.173823453092332,0.0,3.5401688512922407,136.55453684074655,604.5494539795943
23,2025-05-01,2025-05-01 12:00:21.693920256,0.0,0.6674278809228784,1.0,26.298406570337225,5.423111898495663,0.0,0.0,28.13236423590132,4.7922386867518,0.0,30.469888685215718,0.0,72.85704191457333,45814.06931828655,414.1131990455807,0.0,0.0,15.242516717698743,24.0,27.5,20.4,23.0,28.4,26.4,420.0,0.0,60.0,80.0,80.0,10.0,1.0,3.0,2000.0,60.0,1.0,139.07952647694339,142.46627960799174,2025-05-01 11:59:37.200379904,0.0,1.8088088993397846e-05,93.66005245545809,0.0,27.290914352898614,0.0,0.0,0.0,0.0,0.0,0.0,0.0,17.76503572397576,18.796563263091254,0.0,0.0,0.0,0.0,0.0,0.0,0.0,0.0,0.0,0.0,0.0,0.0,0.0,0.0,0.0,0.0,0.0,0.0,0.0,0.0,35.3,0.0,0.0,0.0,0.0,0.0,0.0,0.0,0.0,2025-05-01 11:59:14.919150592,0.0,0.0,89.03881208211781,0.0,26.528097990541593,6.193444345793546,0.0,0.0,41.33597818405841,3.9296164090670245,0.0,0.0,29.415698780554095,30.05785573212053,0.0,0.0,0.0,0.0,0.0,0.0,0.0,0.0,0.0,0.0,0.0,0.0,265.55998477957564,0.0,0.0,0.0,0.0,0.0,0.0,0.0,526.5447172443784,0.0,0.0,0.15986011705231115,0.15986011705231115,0.0,0.0,162.93263548895615,164.02416079291163,2025-05-01 12:00:04.512127744,0.0,0.0,0.0,59.26540400237765,2.078833762631266,0.0,0.0,20.639500477331268,23.29406715060252,0.8662764918853684,273.8676448655367,253.5223052398364,224.73878051767926,36.77002975665111,0.0,0.0,0.0,224.5416555289371,3.3088016643550624,36.77002975665111,0.0,416.7800297566511,0.0,2025-05-01 12:00:18.607338240,0.0,0.0,0.0,77.21559322159762,0.04017023978375649,0.0,0.0,20.359483896838775,21.64712359742468,0.9873442222436748,276.13645099247753,275.16288252897976,0.10183261177903359,0.01,0.0,0.01,0.01,2.1479195101846833,0.0,5.436128149528823,2.1479195101846833,5.35342525415296,2.1479195101846833,2025-05-01 12:00:18.143446528,0.0,0.0,0.0,69.10324649499339,1.6577990153704603,0.0,0.0,21.30337860749491,25.12185866448025,0.8785471334814854,278.9756116834791,261.38925440467756,0.0,0.0,207.482936859796,0.0,207.71125371462068,34.878710669540666,34.878710669540666,0.0,34.878710632440836,0.0,3.889148818555852,302.0121619658995,437.6890373930866
24,2025-05-02,2025-05-02 11:59:10.546712064,0.0,0.8733324446540816,1.0,26.399933349056123,6.422550577812414,0.0,0.0,28.873834890231024,5.3350081519231365,0.0,33.03052920849441,0.0,75.04398962296074,27707.401002840357,415.0,0.0,0.0,15.471519538980548,24.0,27.5,20.4,23.0,28.4,26.4,420.0,0.0,60.0,80.0,80.0,10.0,1.0,3.0,2000.0,60.0,1.0,171.2804591737334,170.41871363678314,2025-05-02 11:59:14.402503424,0.0,0.0,94.20457650895443,0.0,27.40277104702217,0.0,0.0,0.0,0.0,0.0,0.0,0.0,18.0,18.988321885988086,0.0,0.0,0.0,0.0,0.0,0.0,0.0,0.0,0.0,0.0,0.0,0.0,0.0,0.0,0.0,0.0,0.0,0.0,0.0,0.0,35.3,0.0,0.0,0.0,0.0,0.0,0.0,0.0,0.0,2025-05-02 11:59:48.780129536,0.0,0.0,90.01977278483302,0.0,26.690296320416802,7.196134085893123,0.0,0.0,39.76974022214986,4.610090813705272,0.0,0.0,31.37738340750389,31.940428380187416,0.0,0.0,0.0,0.0,0.0,0.0,0.0,0.0,0.0,0.0,0.0,0.0,262.173830456963,0.0,0.0,0.0,0.0,0.0,0.0,0.0,531.2352038785774,0.0,0.0,0.1889708383081877,0.1889708383081877,0.0,0.0,191.7777770541626,192.79924472665436,2025-05-02 12:00:25.837567232,0.0,0.0,0.0,52.39981048783307,1.524662519507543,0.0,0.0,20.310414715912373,21.879751567828446,0.8762953730998208,276.56088412519506,258.1457585544188,123.32077394370268,40.97875473238541,0.0,0.0,0.0,123.44545925813537,2.0013764016530837,40.97875476851049,0.0,420.9887547685105,0.0,2025-05-02 12:00:26.282922752,0.0,0.0,0.0,68.35043146115774,0.24344898080333624,0.0,0.0,20.56813761937624,22.041608898584922,0.9940359371637615,277.27843992787336,275.4592102431676,0.1272678702611251,0.01,0.0,0.01,0.01,2.324372639374309,0.0,19.506152690278487,2.324372639374309,19.423304764660923,2.324372639374309,2025-05-02 11:59:51.639250944,0.0,0.0,0.0,65.24728289891455,1.5137668361265118,0.0,0.0,21.260620119055137,24.880567721427326,0.8952829509036827,277.192645021854,264.21789057771076,0.0,0.0,179.16391515372075,0.0,179.3118075510515,38.89533293474991,38.89533293474991,0.0,38.89533293474991,0.0,2.4785412218191003,363.05823622789603,322.2634194994654
25,2025-05-03,2025-05-03 12:00:22.544115200,0.0,0.0,1.0,26.42643106995885,5.273865226337449,0.0,0.0,26.129210905349794,4.1565144032921815,0.0,30.214051440329214,0.0,75.73368312757202,22670.12287037037,415.69179012345677,0.0,0.0,13.804345679012345,24.0,27.5,20.4,23.0,28.4,26.4,420.0,0.0,60.0,80.0,80.0,10.0,1.0,3.0,2000.0,60.0,1.0,139.66026790123456,140.18228724279837,2025-05-03 12:01:12.636958720,0.0,0.0,93.67366641213047,0.0,27.295780153448966,0.0,0.0,0.0,0.0,0.0,0.0,0.0,17.95674702738082,18.94352932620632,0.0,0.0,0.0,0.0,0.0,0.0,0.0,0.0,0.0,0.0,0.0,0.0,0.0,0.0,0.0,0.0,0.0,0.0,0.0,0.0,35.3,0.0,0.0,0.0,0.0,0.0,0.0,0.0,0.0,2025-05-03 12:00:40.647039488,0.0,0.0,90.00012772557248,0.0,26.698096888969985,6.1098841346592465,3.6493020709789255e-05,0.0,35.795372684974,3.9009907855122705,0.0,0.0,28.50526411823739,29.09564820728036,0.0,0.0,0.0,0.0,0.0,0.0,0.0,0.0,0.0,0.0,0.0,0.0,234.41328345953838,0.0,0.0,0.0,0.0,0.0,0.0,0.0,536.1237423592738,0.0,0.0,0.16064519660614907,0.16064519660614907,0.0,0.0,163.05672237934496,163.94868223702215,2025-05-03 11:58:41.861997056,0.0,0.0,0.0,61.52225207940397,1.6600908000375774,0.0,0.0,20.607631430615474,22.970450495371477,0.8848727787774333,278.9026730548269,254.94396954784258,186.75174160470007,44.62543893309053,0.0,0.0,0.0,186.85220308423845,2.522029324835057,44.62543896922266,0.0,424.63543896922266,0.0,2025-05-03 11:59:14.667938048,0.0,0.0,0.0,75.57549386933628,0.03989443078774016,0.0,0.0,20.412276143511747,21.702776325463606,0.9873741375853132,276.0765657143281,275.214946788364,0.07564760009208991,0.01,0.0,0.01,0.01,2.345565981685988,0.0,5.407531024648907,2.345565981685988,5.330035202115097,2.345565981685988,2025-05-03 12:00:58.866792448,0.0,0.0,0.0,66.36054430356108,1.7532945416518833,0.0,0.0,21.452496648055124,25.512303822524323,0.9017601165244347,279.55424249780583,265.13601576067674,0.0,0.0,206.75482007805644,0.0,207.0458940822767,39.68235013351758,39.68235013351758,0.0,39.68235013351758,0.0,1.8460265914735485,302.7169902805795,399.30562819116403
26,2025-05-04,2025-05-04 11:58:21.716626944,0.0,0.01785034517526261,1.0,25.786128172680225,6.614669177032213,0.0,0.0,29.062314680494254,5.02670349907919,0.0,32.128397995822915,0.0,61.52493389713674,28781.76037326255,416.0,0.0,0.0,15.579838883916171,24.0,27.5,20.4,23.0,28.4,26.4,420.0,0.0,60.0,80.0,80.0,10.0,1.0,3.0,2000.0,60.0,1.0,174.3107871642129,172.38198493780672,2025-05-04 11:58:24.581583360,0.0,0.0,93.89105803791348,0.0,27.350902224087285,0.0,0.0,0.0,0.0,0.0,0.0,0.0,17.86566074914704,18.90636574285245,0.0,0.0,0.0,0.0,0.0,0.0,0.0,0.0,0.0,0.0,0.0,0.0,0.0,0.0,0.0,0.0,0.0,0.0,0.0,0.0,35.3,0.0,0.0,0.0,0.0,0.0,0.0,0.0,0.0,2025-05-04 11:58:01.075980032,0.0,0.0,86.33777980813157,0.0,26.053523983554136,7.353712197350389,7.3092736409319325e-06,0.0,39.466134307903154,4.590870717222476,0.0,0.0,30.567546825034263,31.135660118775697,0.0,0.0,0.0,0.0,0.0,0.0,0.0,0.0,0.0,0.0,0.0,0.0,260.380539058931,0.0,0.0,0.0,0.0,0.0,0.0,0.0,539.2455349474645,0.0,0.0,0.18957661032434903,0.18957661032434903,0.0,0.0,192.16804166285976,193.2027362265875,2025-05-04 11:57:23.097071104,0.0,0.0,0.0,50.65829009369895,1.2755608717226192,0.0,0.0,20.304775568006896,21.863310539411874,0.7924592443959912,275.83779722343957,251.26666207890707,131.7269030087252,48.27259930386784,0.0,0.0,0.0,131.82331571875102,1.7451592737335067,48.27259930386784,0.0,428.282599340087,0.0,2025-05-04 11:59:40.066676736,0.0,0.0,0.0,57.24183864396644,0.25628821319777984,0.0,0.0,20.433310620643255,21.70135270702125,0.9920550187818871,276.4567956792315,275.30365022706457,0.1258290754826291,0.01,0.0,0.01,0.01,2.5429184623147507,0.0,17.75843103029397,2.5429184623147507,17.680486572352315,2.5429184623147507,2025-05-04 11:59:01.348292096,0.0,0.0,0.0,54.597913614567986,1.8573413810474466,0.0,0.0,21.13467839617889,24.43911237569267,0.8130024068511298,283.75508629214323,254.88427225404408,0.0,0.0,210.2470705823087,0.0,210.43957889434108,44.468279605201786,44.468279605201786,0.0,44.468279605201786,0.0,3.1736032240610483,366.4788288270727,360.02132564338604
27,2025-05-05,2025-05-05 12:05:22.360334336,0.0,2.3539129173916646,1.0,27.453622918220237,19.34903885988897,0.0,0.0,42.7639634601044,12.923828610489684,0.0,45.429535379898915,0.0,95.98035255613556,32868.39601458282,417.2619728229348,0.0,0.0,25.38181705195128,24.0,27.5,20.4,23.0,28.4,26.4,420.0,0.0,60.0,80.0,80.0,10.0,1.0,3.0,2000.0,60.0,1.0,555.258037119894,531.9036195003729,2025-05-05 12:07:09.889412608,0.0,0.0,93.5179465469003,0.0,27.28657414224709,0.0,0.0,0.0,0.0,0.0,0.0,0.0,17.999042850831984,19.012847886909146,0.0,0.0,0.0,0.0,0.0,0.0,0.0,0.0,0.0,0.0,0.0,0.0,0.0,0.0,0.0,0.0,0.0,0.0,0.0,0.0,35.3,0.0,0.0,0.0,0.0,0.0,0.0,0.0,0.0,2025-05-05 12:05:59.438213632,0.0,0.050264889736210155,93.15506590163334,0.0,27.252336345804842,9.069457938442925,2.9330351414272883e-05,0.0,18.763535040604204,6.061395758097927,0.0,0.0,34.01607669886895,34.514179391761836,0.0,0.0,0.0,0.0,0.0,0.0,0.0,0.0,0.0,0.0,0.0,0.0,145.77505453612216,0.0,0.0,0.0,0.0,0.0,0.0,0.0,546.6413337977306,0.0,0.0,0.24919048230096608,0.24919048230096608,0.0,0.0,250.3756132793166,250.9465089549229,2025-05-05 12:06:13.482512128,0.0,0.0,0.0,69.56215905944418,0.35267670033081217,0.0,0.0,19.52016533321675,19.93990709570236,0.9695683046969498,283.72450451041254,262.8161004969469,34.60698228624725,50.40372914207435,0.0,0.0,0.0,34.64863361459654,0.7506510951777204,50.40372914207435,0.0,430.4137291420744,0.0,2025-05-05 12:05:48.792897280,0.0,0.0,0.0,77.33512979153669,0.04509344389231775,0.0,0.0,19.95337108426489,21.150378774779924,0.9864955909217342,276.12185820284014,275.1629520902715,0.1365320513302411,0.01,0.0,0.01,0.01,2.763615669706287,0.0,6.203778501138918,2.763615669706287,6.1214779245382305,2.763615669706287,2025-05-05 12:07:39.391495936,0.0,0.0,0.0,68.48588349338443,0.46471170016968816,0.0,0.0,20.126126272188902,22.178430667830675,0.9635894906709296,285.3865662898758,267.24476895575634,0.0,0.0,53.51425410898592,0.0,53.574367448592795,47.74564456941154,47.74564456941154,0.0,47.74564456941154,0.0,1.286734428559011,805.6336503992106,94.42677956432826
28,2025-05-06,2025-05-06 11:53:40.766410752,0.0,5.0,1.0,27.756212361495486,21.06086735698664,0.0,0.0,42.885419322740134,14.945216994724131,0.0,45.11283103744934,0.0,99.3134529473346,34108.15182893332,419.31825201861585,0.0,0.0,27.571286420597655,24.0,27.5,20.4,23.0,28.4,26.4,420.0,0.0,60.0,80.0,80.0,10.0,1.0,3.0,2000.0,60.0,1.0,625.3406635778475,585.4422589840066,2025-05-06 11:55:27.023791104,0.0,0.0,94.03671168698071,0.0,27.37517660407745,0.0,0.0,0.0,0.0,0.0,0.0,0.0,17.42987079535888,18.349822480875517,0.0,0.0,0.0,0.0,0.0,0.0,0.0,0.0,0.0,0.0,0.0,0.0,0.0,0.0,0.0,0.0,0.0,0.0,0.0,0.0,35.3,0.0,0.0,0.0,0.0,0.0,0.0,0.0,0.0,2025-05-06 11:55:15.882610176,0.0,0.10788640067383223,92.99575192719682,0.0,27.235149140314576,2.428480398439932,0.0,0.0,6.377029278743157,1.9734147547287277,0.0,0.0,26.47583908593192,27.695658542837787,0.0,0.0,0.0,0.0,0.0,0.0,0.0,0.0,0.0,0.0,0.0,0.0,27.1800670170106,0.0,0.0,0.0,0.0,0.0,0.0,0.0,549.4299507443283,0.0,0.0,0.06771922436050025,0.06771922436050025,0.0,0.0,68.31564334499112,68.44752018750114,2025-05-06 11:53:29.999897856,0.0,0.0,0.0,77.74605805509944,0.075901295384054,0.0,0.0,18.70509345010035,18.557934282065315,0.9912599160737091,292.1421510673235,270.9812519613209,8.992598248494799,50.84233508483853,0.0,0.0,0.0,9.070201021711366,0.17165484400656816,50.84233508483853,0.0,430.8523350848385,0.0,2025-05-06 11:52:54.868789760,0.0,0.0,0.0,64.22719528148681,0.30111756435703113,0.0,0.0,19.589199634608445,20.772215581017683,0.9926749518825935,277.3564721670877,275.59119037952604,0.12235549741368941,0.01,0.0,0.01,0.01,2.9948684665584024,0.0,21.85255165102851,2.994868504150126,21.766200266149404,2.9948684665584024,2025-05-06 11:54:39.129069568,0.0,0.0,0.0,75.17041330792905,0.3321998744818619,0.0,0.0,19.747962284430113,21.66650661225042,0.9751675516822813,287.00848675483,271.9164462583193,0.0,0.0,42.15806345054623,0.0,42.17682059549713,48.80688598518585,48.80688598518585,0.0,48.80688598518585,0.0,0.5812064773372116,693.6563069228387,73.09957326823701
29,2025-05-07,2025-05-07 12:02:07.368272640,0.0,3.7148257256591384,1.0,27.181849282523995,12.133259421162112,0.0,0.0,34.008951819823245,8.515493046976465,0.0,38.677930881561025,0.0,89.30741127899734,24941.5780882089,421.3507449290971,0.0,0.0,19.163122050112452,24.0,27.5,20.4,23.0,28.4,26.4,420.0,0.0,60.0,80.0,80.0,10.0,1.0,3.0,2000.0,60.0,1.0,347.53627282038286,335.63834067175605,2025-05-07 11:59:23.798988544,0.0,0.0,93.71891731663486,0.0,27.302254664023568,0.0,0.0,0.0,0.0,0.0,0.0,0.0,17.482020119680605,18.45243344387424,0.0,0.0,0.0,0.0,0.0,0.0,0.0,0.0,0.0,0.0,0.0,0.0,0.0,0.0,0.0,0.0,0.0,0.0,0.0,0.0,35.3,0.0,0.0,0.0,0.0,0.0,0.0,0.0,0.0,2025-05-07 12:01:23.108558848,0.0,0.022933402435864215,92.83411690667457,0.0,27.177512679080444,6.352308147928775,0.0,0.0,25.570891792840484,4.284527819938548,0.0,0.0,30.77201717691482,31.53733387628179,0.0,0.0,0.0,0.0,0.0,0.0,0.0,0.0,0.0,0.0,0.0,0.0,173.03779661644393,0.0,0.0,0.0,0.0,0.0,0.0,0.0,552.7311442638729,0.0,0.0,0.17476011549994447,0.17476011549994447,0.0,0.0,176.271943508681,176.8972242994114,2025-05-07 12:01:59.891894272,0.0,0.0,0.0,74.00714032712125,0.17904586560208982,0.0,0.0,19.00857614073667,19.03237175821216,0.9483518121543292,290.1534920359664,269.4577336171877,17.16371946382517,51.124269806774876,0.0,0.0,0.0,17.243634196826193,0.1901851079765783,51.124269806774876,0.0,431.13426980677485,0.0,2025-05-07 12:00:17.998027520,0.0,0.0,0.0,79.045084209963,0.017645446622427452,0.0,0.0,19.486375263753402,20.386841228096998,0.9900386838322988,276.3376292009419,275.4438511054708,0.017628359988991163,0.01,0.0,0.01,0.01,2.868407464603529,0.0,2.480492416134063,2.868407464603529,2.398238280174918,2.868407464603529,2025-05-07 12:04:54.532346112,0.0,0.0,0.0,71.68674816616493,0.2753210705048395,0.0,0.0,19.58663653639339,20.99820710097946,0.9497870708363367,285.154552112524,270.0401485570233,0.0,0.0,26.962609037540137,0.0,26.962344071017505,48.60783289454918,48.60783289454918,0.0,48.60783289454918,0.0,0.17310639905330552,523.8082163290638,46.68647068397776
30,2025-05-08,2025-05-08 11:59:37.632659712,0.0,1.0132126356281228,1.0,26.336239625363245,3.9885622896326804,0.0,0.0,25.36690673802605,3.389291911441892,0.0,27.623425250350177,0.0,73.72804340099931,21383.455146028893,422.0,0.0,0.0,13.31715761085443,24.0,27.5,20.4,23.0,28.4,26.4,420.0,0.0,60.0,80.0,80.0,10.0,1.0,3.0,2000.0,60.0,1.0,103.598226224573,106.19477933644137,2025-05-08 11:59:41.438102272,0.0,0.0,94.0337690428686,0.0,27.37186223871413,0.0,0.0,0.0,0.0,0.0,0.0,0.0,17.638665647317683,18.68901154226258,0.0,0.0,0.0,0.0,0.0,0.0,0.0,0.0,0.0,0.0,0.0,0.0,0.0,0.0,0.0,0.0,0.0,0.0,0.0,0.0,35.3,0.0,0.0,0.0,0.0,0.0,0.0,0.0,0.0,2025-05-08 11:59:22.611589120,0.0,0.0,89.44657823167009,0.0,26.60051062885053,4.526415792492275,0.0,0.0,36.761754639137116,2.9121884886496088,0.0,0.0,26.658230190005735,27.43418253131302,0.0,0.0,0.0,0.0,0.0,0.0,0.0,0.0,0.0,0.0,0.0,0.0,230.40295276683133,0.0,0.0,0.0,0.0,0.0,0.0,0.0,556.2273833971619,0.0,0.0,0.1180749662355923,0.1180749662355923,0.0,0.0,120.5821574068935,121.41173354794546,2025-05-08 11:59:49.525888512,0.0,0.0,0.0,61.274954786714844,2.0393089642013917,0.0,0.0,20.547450302219964,23.196988482122794,0.8768066713077045,276.3439528382156,254.21820649671625,219.64137186868072,54.260001657513506,0.0,0.0,0.0,219.6686545410345,2.8100127076035673,54.26000169434714,0.0,434.2700017680144,0.0,2025-05-08 11:57:39.113135872,0.0,0.0,0.0,62.08293235970852,0.30583107020623584,0.0,0.0,20.34574279864635,21.73728182750554,0.9931216173132104,276.86566743363306,275.41004943668304,0.07161792780784611,0.01,0.0,0.01,0.01,3.0451419912189386,0.0,19.179403955702888,3.0451419912189386,19.09381150295967,3.0451419912189386,2025-05-08 11:57:27.991320064,0.0,0.0,0.0,66.0225158835373,2.0273573920053183,0.0,0.0,21.118683815410947,24.768515333391914,0.8919169127675751,274.62304994479445,265.0334675586153,0.0,0.0,240.39111656587033,0.0,240.44027832006998,51.754019958051416,51.754019958051416,0.0,51.754019958051416,0.0,1.668076898097032,224.1803836314665,479.2883368168074
31,2025-05-09,2025-05-09 12:06:26.088524032,0.0,0.1240929482541192,1.0,25.831300779392613,4.561759111864547,0.0,0.0,25.958690124248,3.6088348390564597,0.0,27.4448677926857,0.0,62.53634409046743,40464.15300489963,422.0,0.0,0.0,13.487347791031816,24.0,27.5,20.4,23.0,28.4,26.4,420.0,0.0,60.0,80.0,80.0,10.0,1.0,3.0,2000.0,60.0,1.0,122.00564336069131,121.80080637158628,2025-05-09 12:06:31.205908736,0.0,0.0,93.68746682286614,0.0,27.2902765828925,0.0,0.0,0.0,0.0,0.0,0.0,0.0,17.600300195859493,18.60987351503725,0.0,0.0,0.0,0.0,0.0,0.0,0.0,0.0,0.0,0.0,0.0,0.0,0.0,0.0,0.0,0.0,0.0,0.0,0.0,0.0,35.3,0.0,0.0,0.0,0.0,0.0,0.0,0.0,0.0,2025-05-09 12:06:47.466153216,0.0,0.0,86.5354751363021,0.0,26.091863954041496,4.303188920194665,0.0,0.0,34.824422774342274,2.7662666032419776,0.0,0.0,25.514892604925173,26.305444765633577,0.0,0.0,0.0,0.0,0.0,0.0,0.0,0.0,0.0,0.0,0.0,0.0,218.09277690365545,0.0,0.0,0.0,0.0,0.0,0.0,0.0,558.3011251783819,0.0,0.0,0.1130156610194299,0.1130156610194299,0.0,0.0,115.18613578982033,115.84412894727214,2025-05-09 12:06:07.260037632,0.0,0.0,0.0,57.12242818239,1.9786282936477637,0.0,0.0,20.5037568399888,23.08447448888695,0.8061841497689402,270.2108527216338,243.15087424601055,214.2268561684428,59.056659976657684,0.0,0.0,0.0,214.28384548260777,2.4366599402989415,59.056660013016426,0.0,439.0666600130164,0.0,2025-05-09 12:04:27.326012160,0.0,0.0,0.0,76.00879740358687,0.041106874220366456,0.0,0.0,20.29841634485386,21.570481412042398,0.9873332984754662,276.0714368412797,275.2045470842639,0.04472321608640767,0.01,0.0,0.01,0.01,2.965872778744669,0.0,5.557077690716105,2.965872778744669,5.476280989266266,2.965872778744669,2025-05-09 12:06:10.268376576,0.0,0.0,0.0,63.924139202650345,2.7578518104889183,0.0,0.0,21.397872160219464,25.601440108831707,0.8262181356198985,277.34205648455594,254.9802967387964,0.0,0.0,321.53683319966717,0.0,321.48714710269303,56.052884190170666,56.052884190170666,0.0,56.052884190170666,0.0,2.6775810054190994,237.19177915051165,541.3280702760169
32,2025-05-10,2025-05-10 12:00:03.576352512,0.0,3.256085548029369,1.0,27.542557707345313,16.306322673680576,0.0,0.0,40.36816118451117,11.389632480628814,0.0,45.67074468625281,0.0,97.57826162017244,28575.674949985274,423.39246072447725,0.0,0.0,23.34045150348834,24.0,27.5,20.4,23.0,28.4,26.4,420.0,0.0,60.0,80.0,80.0,10.0,1.0,3.0,2000.0,60.0,1.0,465.639367326421,449.73042367803714,2025-05-10 12:00:15.882958336,0.0,0.0,94.12479755263631,0.0,27.395207845960048,0.0,0.0,0.0,0.0,0.0,0.0,0.0,18.501817527442864,19.818445204246895,0.0,0.0,0.0,0.0,0.0,0.0,0.0,0.0,0.0,0.0,0.0,0.0,0.0,0.0,0.0,0.0,0.0,0.0,0.0,0.0,35.3,0.0,0.0,0.0,0.0,0.0,0.0,0.0,0.0,2025-05-10 12:00:35.445348608,0.0,0.016365698647894424,94.8090668491079,0.0,27.518940280503394,11.019950308769781,1.440325513566066e-05,0.0,28.993354698161784,7.314613902742019,0.0,0.0,38.192931602542174,38.550222350251154,0.0,0.0,0.0,0.0,0.0,0.0,0.0,0.0,0.0,0.0,0.0,0.0,220.4627045712331,0.0,0.0,0.0,0.0,0.0,0.0,0.0,564.7250544623084,0.0,0.0,0.3033060871757017,0.3033060871757017,0.0,0.0,305.16877320274386,305.99373818482974,2025-05-10 12:00:13.800442112,0.0,0.0,0.0,72.41634555749098,0.15625828465965386,0.0,0.0,20.002470178802003,20.084495123094037,0.9833982752885547,282.1632559919595,269.0542761898971,14.435441174892608,61.94872864229942,0.0,0.0,0.0,14.523625649628196,0.47121359310115424,61.94872864229942,0.0,441.95872864229943,0.0,2025-05-10 12:00:20.324479488,0.0,0.0,0.0,70.84083062027365,0.2311702719942187,0.0,0.0,20.72246638325486,22.12927541949495,0.993863224921558,277.3194602885491,275.4358050136605,0.10134717700456089,0.004620915201368636,0.0,0.01,0.01,1.446033500602834,0.0,19.196650345292916,3.188856975359396,19.109944067340415,3.188856975359396,2025-05-10 12:00:15.535380736,0.0,0.0,0.0,78.75128712286927,0.31426665387892716,0.0,0.0,20.616300642215034,22.448376018561895,0.9855363657490235,282.5196832821209,269.74353450660846,0.0,0.0,37.13907076169433,0.0,37.17081396421155,54.25690855167784,54.25690855167784,0.0,43.19095513347818,0.0,0.1354300184807428,770.8081405291648,70.89108995913266
33,2025-05-11,2025-05-11 12:00:04.506563840,0.0,0.7565866287628814,1.0,26.74246713031118,5.186579014163155,0.0,0.0,28.052040205086556,4.17799888319204,0.0,30.87230417787705,0.0,82.3332250368039,43943.7778973552,424.26525204325094,0.0,0.0,14.514005787095792,24.0,27.5,20.4,23.0,28.4,26.4,420.0,0.0,60.0,80.0,80.0,10.0,1.0,3.0,2000.0,60.0,1.0,139.90695771358952,140.4825333265648,2025-05-11 12:00:19.976640256,0.0,0.0,93.59703186067036,0.0,27.2884966590422,0.0,0.0,0.0,0.0,0.0,0.0,0.0,17.95301046413198,18.919042558939537,0.0,0.0,0.0,0.0,0.0,0.0,0.0,0.0,0.0,0.0,0.0,0.0,0.0,0.0,0.0,0.0,0.0,0.0,0.0,0.0,35.3,0.0,0.0,0.0,0.0,0.0,0.0,0.0,0.0,2025-05-11 12:00:24.526915328,0.0,0.00026996382484747045,91.7035257275525,0.0,26.977274445224342,5.554363515288951,0.0,0.0,36.151204938538235,3.6249284595864153,0.0,0.0,29.0846066627072,29.81005345283732,0.0,0.0,0.0,0.0,0.0,0.0,0.0,0.0,0.0,0.0,0.0,0.0,231.33038172884832,0.0,0.0,0.0,0.0,0.0,0.0,0.0,570.5563900437342,0.0,0.0,0.14826575238917986,0.14826575238917986,0.0,0.0,150.63987167719526,151.50065979158794,2025-05-11 12:00:17.111901696,0.0,0.0,0.0,44.999800201051045,1.0975343342956596,0.0,0.0,20.174899957428693,21.76843613051862,0.9226834590796728,277.7378949025332,267.1617509328124,115.2512558893289,63.38168872146561,0.0,0.0,0.0,115.34155524789738,0.7256952896100969,63.38168875723981,0.0,443.3916887572398,0.0,2025-05-11 12:00:15.377519616,0.0,0.0,0.0,59.89215626993286,0.04751927380789977,0.0,0.0,20.15938176334603,21.27525069776531,0.9863281506361924,275.77895458718467,275.14255280709966,0.05862238821928819,0.0,0.0,0.01,0.01,0.16953447900804874,0.0,4.610183280916441,3.409534479008049,4.536327413235603,3.409534479008049,2025-05-11 12:00:14.718018816,0.0,0.0,0.0,50.27023501814641,0.8853606414682363,0.0,0.0,20.650327114868254,23.330211486825412,0.935620039243457,279.8898147738338,269.11157940161104,0.0,0.0,107.96866734531291,0.0,108.04579881089374,55.41065802868018,55.41065799179724,0.0,55.41065799179724,0.0,1.178707400194742,290.54682939078475,227.99753733970755
34,2025-05-12,2025-05-12 11:41:22.569780992,0.0,1.797270710368789,1.0,26.824308259031355,8.263086567039224,0.0,0.0,29.374836744945373,6.261381807526476,0.0,34.11266273180125,0.0,84.02483360542509,38222.58320775252,425.0,0.0,0.0,16.193036544016074,24.0,27.5,20.4,23.0,28.4,26.4,420.0,0.0,60.0,80.0,80.0,10.0,1.0,3.0,2000.0,60.0,1.0,227.8790991669806,224.08028287077735,2025-05-12 11:49:20.789404160,0.0,0.0,94.10822582120963,0.0,27.386699606551375,0.0,0.0,0.0,0.0,0.0,0.0,0.0,17.843810046664835,18.85656510202214,0.0,0.0,0.0,0.0,0.0,0.0,0.0,0.0,0.0,0.0,0.0,0.0,0.0,0.0,0.0,0.0,0.0,0.0,0.0,0.0,35.3,0.0,0.0,0.0,0.0,0.0,0.0,0.0,0.0,2025-05-12 11:49:23.419451136,0.0,0.0010435928889214376,91.94267562569802,0.0,27.023094527545357,9.57740712938721,3.661729434812062e-05,0.0,35.412671414709166,6.167154286969736,0.0,0.0,32.00728684157528,32.29749720793131,0.0,0.0,0.0,0.0,0.0,0.0,0.0,0.0,0.0,0.0,0.0,0.0,254.39526538384078,0.0,0.0,0.0,0.0,0.0,0.0,0.0,575.8180541569784,0.0,0.0,0.2588101210201578,0.2588101210201578,0.0,0.0,261.14618026694006,262.11146871967634,2025-05-12 12:00:01.690599168,0.0,0.0,0.0,68.548932265587,1.3317113150590862,0.0,0.0,20.776723904832757,23.274463074766086,0.9224817949011417,280.0279886405906,255.181308120404,154.89608010958824,66.6404296975593,0.0,0.0,0.0,155.0683661549687,1.9404296975593007,66.6404296975593,0.0,446.6504296975593,0.0,2025-05-12 12:00:01.124407040,0.0,0.0,0.0,64.00428573009094,0.3023636035079179,0.0,0.0,20.487016942151808,21.940447635695794,0.9921946982939834,276.69686050199516,275.37629684538166,0.0907857411546036,0.0,0.0,0.01,0.01,0.35656561856924746,0.0,19.847018380427645,3.5965656185692474,19.758211522433417,3.5965656185692474,2025-05-12 11:53:11.391806720,0.0,0.0,0.0,70.33701292894668,1.0466439137076642,0.0,0.0,21.116074853757592,24.515432244122362,0.9332125265471888,276.68656507321435,266.0204415216662,0.0,0.0,122.4148125116435,0.0,122.38521390513804,55.15580915831439,55.15580915831439,0.0,55.15580912105518,0.0,0.9043213607064347,489.0252794339207,297.3005984405344
35,2025-05-13,2025-05-13 12:13:36.670549248,0.0,0.0,1.0,26.307499921581748,0.7387595278175677,0.0,0.0,20.21554145188779,0.6094676969082298,0.0,20.986173293880242,0.0,73.1438399849437,63367.6229232233,425.0,0.0,0.0,9.68335546470656,24.0,27.5,20.4,23.0,28.4,26.4,420.0,0.0,60.0,80.0,80.0,10.0,1.0,3.0,2000.0,60.0,1.0,15.600956388996352,19.405408349975428,2025-05-13 12:07:07.552676096,0.0,0.0,93.52663233400773,0.0,27.280654772852674,0.0,0.0,0.0,0.0,0.0,0.0,0.0,17.91252528968181,18.90448776899025,0.0,0.0,0.0,0.0,0.0,0.0,0.0,0.0,0.0,0.0,0.0,0.0,0.0,0.0,0.0,0.0,0.0,0.0,0.0,0.0,35.3,0.0,0.0,0.0,0.0,0.0,0.0,0.0,0.0,2025-05-13 12:08:47.578370816,0.0,0.0,89.07965740332304,0.0,26.530148139979417,1.0198592118806058,0.0,0.0,30.557723128951626,0.6527146743126011,0.0,0.0,20.64850757241582,21.685487428319366,0.0,0.0,0.0,0.0,0.0,0.0,0.0,0.0,0.0,0.0,0.0,0.0,175.92357741508602,0.0,0.0,0.0,0.0,0.0,0.0,0.0,578.7663101014556,0.0,0.0,0.024703720041170416,0.024703720041170416,0.0,0.0,26.43480352154095,26.97606785766799,2025-05-13 12:00:02.667024384,0.0,0.0,0.0,70.14080922746781,2.496761051502146,0.0,0.0,21.093818812589415,24.648081080114448,0.8791718884120171,275.2300690271817,253.61223283261802,297.0036401645208,72.18129960658084,0.0,0.0,0.0,297.23414796137337,4.032702610872675,72.18129960658084,0.0,452.19129960658086,0.0,2025-05-13 12:00:12.107529216,0.0,0.0,0.0,79.21986712837987,0.04045666091369061,0.0,0.0,20.586627059639184,21.96075448805889,0.987501622634273,275.7082042601525,275.20676601613786,0.03589860748476936,0.0,0.0,0.01,0.01,0.16759540351964125,0.0,5.498764806537741,3.407595403519641,5.414896262040684,3.407595403519641,2025-05-13 12:00:12.603887360,0.0,0.0,0.0,72.80956726426815,2.214983686696086,0.0,0.0,21.84219247117983,26.3595137713778,0.8925584421808583,279.4378177407641,265.16779809106697,0.0,0.0,273.24289613678843,0.0,273.390890098101,59.788863414328425,59.788863414328425,0.0,59.788863414328425,0.0,2.667269945548588,42.0357599105373,576.123802866012
36,2025-05-14,2025-05-14 11:56:53.893529856,0.0,2.046915298644942e-05,1.0,25.991372252016212,0.2508576575101322,0.0,0.0,11.685802595488598,0.13925164776681542,0.0,20.398215089859583,0.0,66.11278503295533,18200.957014778727,425.7307692307692,0.0,0.0,5.192092766201335,24.0,27.5,20.4,23.0,28.4,26.4,420.0,0.0,60.0,80.0,80.0,10.0,1.0,3.0,2000.0,60.0,1.0,3.084956093666844,6.352549842387522,2025-05-14 12:00:15.668494080,0.0,0.01260390558791179,92.87845074739899,0.0,27.177873744568057,0.13181088732216592,0.0,0.0,20.913718242305123,0.10122973728339855,0.0,0.0,19.473466885446907,20.36123983483294,0.0,0.0,0.0,0.0,0.0,0.0,0.0,0.0,0.0,0.0,0.0,0.0,0.40840981626066103,0.0,0.0,0.0,0.0,0.0,0.0,0.0,35.31258767738329,0.0,0.0,0.0025099623145026055,0.0025099623145026055,0.0,0.0,3.4659937972195674,3.613013216971096,2025-05-14 12:00:09.697506816,0.0,0.0,87.25408920593746,0.0,26.208291900850266,0.23133376567228706,0.0,0.0,20.493559951001586,0.14649805447470818,0.0,0.0,19.594556132007494,20.581766104626027,0.0,0.0,0.0,0.0,0.0,0.0,0.0,0.0,0.0,0.0,0.0,0.0,114.27745352356247,0.0,0.0,0.0,0.0,0.0,0.0,0.0,579.1648886727194,0.0,0.0,0.004626927511168757,0.004626927511168757,0.0,0.0,5.809763294422828,5.940244811932555,2025-05-14 11:57:25.395653632,0.0,0.0,0.0,63.0757163557196,2.3608505868104617,7.783215058104328,0.0,21.547165575708643,24.517945262262465,0.839251420167825,271.55010777415725,225.83424550880937,254.71187955967588,78.49453300268175,0.0,0.0,0.0,254.8298442140777,1.735625991233888,78.4945330387266,0.0,458.5045330387266,0.0,2025-05-14 11:58:39.548796416,0.0,0.0,0.0,59.10290987859292,0.8920261195689234,0.0,0.0,21.885977853214545,24.511385397055992,0.9649065358217583,280.6365455313598,271.9832731733349,0.6920513571206214,0.0,0.0,0.01,0.01,0.9098307490475697,0.0,90.88863205799079,4.149830749047569,90.8167401681021,4.149830749047569,2025-05-14 11:58:37.529808384,0.0,0.0,0.0,69.64055951467715,2.1683231236172413,0.0,0.0,22.477880418468654,26.946165297341768,0.8504244721891782,279.86582617170853,258.01953854306794,0.0,0.0,262.39792403674755,0.0,262.4714837626602,64.15664865606043,64.15664865606043,0.0,64.15664861900156,0.0,2.488531802061214,12.360713185309239,608.1899600347288
37,2025-05-15,2025-05-15 12:00:09.097852928,0.0,3.362133901832394,1.0,27.604861682148112,7.444019085325618,0.0,0.0,27.714848992436934,24.8230120298462,0.0,40.891016699659914,0.0,95.33835845896148,33302.76939241663,426.0,0.0,0.0,30.251920207096084,24.0,27.5,20.4,23.0,28.4,26.4,420.0,0.0,60.0,80.0,80.0,10.0,1.0,3.0,2000.0,60.0,1.0,715.7600145170296,208.3916197147353,2025-05-15 12:00:17.049964800,0.0,2.164216700552367,98.05214199607765,0.0,28.26612929343817,14.859596250382339,0.0,0.0,28.897907483042157,14.004651037262276,0.0,0.0,40.62028823836341,41.223339750625236,0.0,0.0,0.0,0.0,0.0,0.0,0.0,0.0,0.0,0.0,0.0,0.0,56.9697187786754,0.0,0.0,0.0,0.0,0.0,0.0,0.0,39.99985965922381,0.0,0.0,0.4203013728206697,0.4203013728206697,0.0,0.0,423.4727589557207,423.8797993846597,2025-05-15 12:00:17.678139136,0.0,0.061529604375438536,92.73851717251678,0.0,27.160788370544953,2.1751308853426408,1.4392889912383283e-05,0.0,7.820891279707824,1.611156288793336,0.0,0.0,26.480110825252325,27.51999712142202,0.0,0.0,0.0,0.0,0.0,0.0,0.0,0.0,0.0,0.0,0.0,0.0,40.11217458575464,0.0,0.0,0.0,0.0,0.0,0.0,0.0,580.1986938452404,0.0,0.0,0.05970530557904395,0.05970530557904395,0.0,0.0,60.3257740676106,60.479843117499954,2025-05-15 12:00:12.905936640,0.0,0.0,0.0,76.5690207015338,0.117197534856848,0.0,0.0,20.345588869064706,20.295321024575124,0.977597321191728,284.32948178940904,273.68420767668255,5.089655737526209,81.53780898774332,0.0,0.0,0.0,5.120792777537546,0.11647445284650633,81.53780898774332,0.0,461.54780898774334,0.0,2025-05-15 12:00:15.387136768,0.0,0.0,0.0,79.00531890465929,0.010204317455599316,0.0,0.0,21.781239652225608,22.49940436204206,0.9786884149513265,286.4028561343539,273.7416515568106,0.6607019023556513,0.0,0.0,0.01,0.01,1.7251847737237125,0.0,0.6531339823140373,4.9651847737237125,0.6305613806940626,4.9651847737237125,2025-05-15 12:00:10.166374912,0.0,0.0,0.0,79.32667012390289,0.2761863338797997,0.0,0.0,22.293541919918514,23.77939420299553,0.9688833498760228,283.92309842714343,270.659235839272,0.0,0.0,33.272688837587964,0.0,33.35148021754566,63.832657982684076,63.832657982684076,0.0,63.832657982684076,0.0,0.3237220679477028,1199.558547540361,39.12540697739724
38,2025-05-16,2025-05-16 07:30:16.658380544,0.0,3.724544079129317,1.0,27.893443849745402,1.5821064276301875,0.0,0.0,24.047763913517382,30.62292375018302,0.0,43.22024597764727,0.0,99.99960955929005,55050.94345117051,426.0,0.0,0.0,24.49060827408938,24.0,27.5,20.4,23.0,28.4,26.4,420.0,0.0,60.0,80.0,80.0,10.0,1.0,3.0,2000.0,60.0,1.0,811.4153426930649,44.4173694057167,2025-05-16 07:30:09.245286400,0.0,3.0,99.96919888309968,0.0,28.78732836293503,16.642922939635568,0.0,0.0,29.04914361380581,16.481136474855347,0.0,0.0,44.182273525432514,44.769797633783355,0.0,0.0,0.0,0.0,0.0,0.0,0.0,0.0,0.0,0.0,0.0,0.0,0.0,0.0,0.0,0.0,0.0,0.0,0.0,0.0,49.69895218630357,0.0,0.0,0.47493105731310636,0.47493105731310636,0.0,0.0,478.85558536515157,479.18345836092,2025-05-16 07:30:04.013878784,0.0,0.0624550087822857,94.39105646577788,0.0,27.434374730052696,0.8797402746983789,0.0,0.0,4.738414581473696,0.7428834691468225,0.0,0.0,25.60701431080653,26.787151947939762,0.0,0.0,0.0,0.0,0.0,0.0,0.0,0.0,0.0,0.0,0.0,0.0,12.679316997322124,0.0,0.0,0.0,0.0,0.0,0.0,0.0,580.9186817933139,0.0,0.0,0.024385959860635204,0.024385959860635204,0.0,0.0,24.759294825650034,24.814051369172738,2025-05-16 07:30:04.397062656,0.0,0.0,0.0,96.88413812951313,0.011621356062279794,0.0,0.0,20.709577204386097,20.802729799183712,1.0,287.39702845381925,280.84496215072267,1.6146144141210945,81.57125420063024,0.0,0.0,0.0,1.6288258003000036,0.0024196792985964953,81.57125420063024,0.0,461.58125420063027,0.0,2025-05-16 07:30:06.935200000,0.0,0.0,0.0,93.85515022888056,0.0,0.0,0.0,22.053031210986266,22.78005600142679,0.9999944711967185,287.6722204387373,283.10928244456335,0.0,0.0,0.0,0.01,0.01,1.73,0.0,0.0,4.97,0.0,4.97,2025-05-16 07:30:05.212098560,0.0,0.0,0.0,97.48568812797069,0.0,0.0,0.0,22.04739531591127,22.93376898412264,1.0,287.2095769805058,275.1552043116936,0.0,0.0,0.0006026139047358434,0.0,0.0,64.07,64.07,0.0,64.07,0.0,0.04811345560109696,1315.0302228838664,1.6288258003000036
